invoice_id,customer_id,invoice_date,due_date,amount_lakh,segment,p_late,exp_late_cash,exp_on_time_cash
INV000029,C0000,2025-12-20,2026-01-18,2.18,smb,0.7207117030982093,1.5711515127540965,0.6088484872459038
INV000030,C0000,2025-12-24,2026-01-21,1.33,smb,0.7828766625763998,1.0412259612266117,0.2887740387733883
INV000055,C0001,2025-12-04,2026-01-03,3.57,smb,0.86020370752061,3.0709272358485777,0.49907276415142215
INV000057,C0001,2025-12-08,2026-01-10,5.01,smb,0.8424919007701144,4.220884422858273,0.789115577141727
INV000056,C0001,2025-12-13,2026-01-15,22.62,smb,0.8593199920532666,19.437818220244893,3.1821817797551097
INV000092,C0002,2025-12-04,2025-12-29,15.01,smb,0.845696190666996,12.693899821911609,2.3161001780883903
INV000093,C0002,2025-12-20,2026-01-23,2.89,smb,0.5607545019959602,1.620580510768325,1.269419489231675
INV000144,C0003,2025-11-21,2025-12-31,7.96,mid_market,0.7195448489119434,5.727576997339069,2.232423002660931
INV000146,C0003,2025-11-22,2026-01-08,10.26,mid_market,0.6816969364571537,6.994210568050397,3.265789431949603
INV000147,C0003,2025-12-21,2026-02-01,12.19,mid_market,0.7265283645549512,8.856380763924854,3.333619236075145
INV000194,C0004,2025-10-11,2025-11-24,52.54,mid_market,0.7936372623843618,41.69770176567437,10.842298234325629
INV000191,C0004,2025-10-14,2025-11-27,10.19,mid_market,0.8053638315540745,8.206657443536018,1.9833425564639804
INV000196,C0004,2025-11-07,2025-12-22,44.89,mid_market,0.8393310500536744,37.677570836909446,7.212429163090558
INV000195,C0004,2025-11-21,2025-12-31,22.08,mid_market,0.8428079999533474,18.60920063896991,3.4707993610300885
INV000198,C0004,2025-12-21,2026-02-01,10.69,mid_market,0.8265940964721962,8.836290891287776,1.8537091087122228
INV000197,C0004,2025-12-24,2026-02-12,35.7,mid_market,0.826683914052156,29.512615731661974,6.187384268338031
INV000226,C0005,2025-12-16,2026-01-15,7.7,smb,0.7679680860101499,5.913354262278154,1.786645737721846
INV000298,C0006,2025-11-09,2026-01-11,38.62,enterprise,0.8597145811123043,33.20217712255719,5.417822877442809
INV000297,C0006,2025-11-14,2026-01-12,37.11,enterprise,0.865713150919123,32.126615030608654,4.983384969391344
INV000300,C0006,2025-12-06,2026-02-07,42.12,enterprise,0.8556989686051863,36.042040557650445,6.077959442349551
INV000304,C0006,2025-12-11,2026-02-10,46.8,enterprise,0.8643906860341904,40.45348410640011,6.346515893599887
INV000301,C0006,2025-12-12,2026-02-09,45.86,enterprise,0.8442468630725208,38.7171611405058,7.142838859494194
INV000302,C0006,2025-12-12,2026-02-15,46.95,enterprise,0.8344929442274767,39.179443731480035,7.770556268519971
INV000299,C0006,2025-12-14,2026-02-09,17.04,enterprise,0.8634830509816559,14.713751188727416,2.3262488112725834
INV000303,C0006,2025-12-14,2026-02-16,22.33,enterprise,0.850540230478147,18.992563346577022,3.337436653422978
INV000359,C0008,2025-11-15,2025-12-17,4.49,smb,0.6975397847802142,3.1319536336631617,1.3580463663368385
INV000406,C0009,2025-10-20,2025-12-02,8.76,mid_market,0.7863592947140623,6.888507421695185,1.8714925783048142
INV000407,C0009,2025-11-16,2025-12-29,18.87,mid_market,0.8605692096079041,16.238940985301152,2.6310590146988506
INV000410,C0009,2025-12-17,2026-01-28,4.5,mid_market,0.8172698113014157,3.677714150856371,0.8222858491436291
INV000409,C0009,2025-12-18,2026-01-31,89.57,mid_market,0.8751296648474952,78.38536408039015,11.184635919609853
INV000411,C0009,2025-12-18,2026-02-05,23.54,mid_market,0.8470838135819261,19.94035297171854,3.59964702828146
INV000451,C0010,2025-10-20,2025-12-04,23.22,mid_market,0.7269716177065745,16.88028096314666,6.3397190368533405
INV000452,C0010,2025-11-27,2026-01-09,27.0,mid_market,0.7530217667167857,20.331587701353214,6.668412298646787
INV000453,C0010,2025-12-15,2026-01-30,25.52,mid_market,0.8100312713853406,20.67199804575389,4.848001954246108
INV000493,C0011,2025-11-03,2025-12-18,37.25,mid_market,0.7276377634295284,27.104506687749932,10.14549331225007
INV000496,C0011,2025-12-11,2026-01-25,19.73,mid_market,0.7844891034570335,15.47797001120727,4.25202998879273
INV000495,C0011,2025-12-21,2026-02-04,9.74,mid_market,0.7433981011143678,7.240697504853943,2.499302495146058
INV000497,C0011,2025-12-28,2026-02-10,19.85,mid_market,0.6927119722977341,13.750332650110023,6.099667349889979
INV000536,C0012,2025-11-08,2025-12-19,8.71,mid_market,0.7370631521367373,6.419820055110983,2.290179944889018
INV000535,C0012,2025-11-22,2026-01-08,59.12,mid_market,0.8137749557643555,48.110375384788696,11.0096246152113
INV000537,C0012,2025-12-10,2026-01-29,24.77,mid_market,0.7729289093601684,19.14544908485137,5.624550915148627
INV000538,C0012,2025-12-22,2026-02-07,17.17,mid_market,0.773710034855411,13.284601298467408,3.8853987015325933
INV000539,C0012,2025-12-22,2026-02-07,82.77,mid_market,0.8091186487454161,66.97075055665809,15.799249443341912
INV000583,C0013,2025-09-28,2025-11-11,14.12,mid_market,0.7440002266021158,10.505283199621875,3.6147168003781243
INV000591,C0013,2025-12-05,2026-01-22,3.86,mid_market,0.771443333725303,2.9777712681796698,0.8822287318203302
INV000641,C0014,2025-10-23,2025-12-02,39.31,mid_market,0.8393438026922438,32.99460488383211,6.3153951161678945
INV000642,C0014,2025-11-24,2026-01-12,26.12,mid_market,0.8499958651733621,22.201891998328218,3.9181080016717815
INV000645,C0014,2025-12-13,2026-01-28,18.35,mid_market,0.8225801080223633,15.094344982210368,3.2556550177896346
INV000644,C0014,2025-12-17,2026-01-26,9.86,mid_market,0.8158414317481755,8.04419651703701,1.8158034829629897
INV000684,C0015,2025-11-24,2025-12-28,6.45,smb,0.7246428109169858,4.673946130414558,1.7760538695854418
INV000750,C0018,2025-10-14,2025-11-09,6.63,smb,0.8364405760276037,5.545601019063012,1.0843989809369876
INV000774,C0019,2025-11-06,2025-12-08,18.78,smb,0.734088001518664,13.786172668520512,4.99382733147949
INV000824,C0020,2025-10-01,2025-11-19,33.4,mid_market,0.7753207069029316,25.895711610557917,7.504288389442083
INV000826,C0020,2025-11-06,2025-12-23,9.68,mid_market,0.7677459561325265,7.431780855362856,2.2482191446371433
INV000827,C0020,2025-11-20,2026-01-03,33.18,mid_market,0.8126213582994859,26.962776668376943,6.217223331623058
INV000828,C0020,2025-12-07,2026-01-17,3.33,mid_market,0.7670688480376187,2.5543392639652702,0.7756607360347298
INV000892,C0021,2025-10-05,2025-11-29,55.9,enterprise,0.8053860910575099,45.0210824901148,10.878917509885195
INV000894,C0021,2025-11-12,2026-01-14,28.8,enterprise,0.7457945875248481,21.478884120715623,7.321115879284376
INV000895,C0021,2025-11-21,2026-01-20,76.6,enterprise,0.7649414841776683,58.59451768800938,18.00548231199061
INV000896,C0021,2025-11-28,2026-01-31,71.31,enterprise,0.640021216714026,45.639912963877194,25.670087036122805
INV000897,C0021,2025-12-05,2026-02-08,71.33,enterprise,0.7322319734404219,52.230106665505296,19.099893334494705
INV000932,C0022,2025-11-24,2025-12-23,5.07,smb,0.772413376508292,3.9161358188970405,1.1538641811029595
INV000934,C0022,2025-12-25,2026-01-20,10.55,smb,0.8571325495768337,9.042748398035597,1.5072516019644044
INV000935,C0022,2025-12-27,2026-01-31,3.85,smb,0.540817895104908,2.0821488961538956,1.7678511038461044
INV000995,C0023,2025-10-01,2025-12-01,80.74,enterprise,0.8507833551102931,68.69224809160507,12.047751908394932
INV000994,C0023,2025-10-27,2025-12-26,78.39,enterprise,0.8572148262014122,67.1970702259287,11.192929774071297
INV001000,C0023,2025-11-02,2026-01-06,97.25,enterprise,0.8409695736714781,81.78429103955123,15.465708960448758
INV001001,C0023,2025-11-12,2026-01-14,48.99,enterprise,0.8477918650255524,41.53332346760181,7.456676532398189
INV000998,C0023,2025-11-18,2026-01-13,54.71,enterprise,0.864110993691883,47.27551246488292,7.4344875351170785
INV000999,C0023,2025-11-22,2026-01-22,65.32,enterprise,0.8487949173038528,55.44328399828766,9.876716001712333
INV000997,C0023,2025-11-24,2026-01-26,69.32,enterprise,0.8607452386636903,59.66685994416701,9.653140055832985
INV001005,C0023,2025-12-04,2026-02-07,14.1,enterprise,0.8221095136285049,11.59174414216192,2.5082558578380802
INV001002,C0023,2025-12-19,2026-02-16,53.36,enterprise,0.8552695486587746,45.63718311643221,7.722816883567789
INV001004,C0023,2025-12-22,2026-02-16,21.27,enterprise,0.8696387502215042,18.497216217211392,2.7727837827886064
INV001003,C0023,2025-12-26,2026-02-21,15.06,enterprise,0.8584207644432197,12.92781671251489,2.1321832874851117
INV001060,C0024,2025-09-19,2025-11-18,53.39,enterprise,0.8632789626325035,46.09046381494936,7.2995361850506395
INV001063,C0024,2025-10-17,2025-12-21,66.4,enterprise,0.8598164364170727,57.09181137809363,9.308188621906371
INV001065,C0024,2025-10-28,2025-12-28,131.3,enterprise,0.8566354965971829,112.47624070321012,18.82375929678989
INV001068,C0024,2025-11-10,2026-01-13,32.75,enterprise,0.867473414717785,28.40975433200746,4.34024566799254
INV001067,C0024,2025-11-19,2026-01-14,22.88,enterprise,0.8730282781878849,19.974887004938804,2.9051129950611942
INV001069,C0024,2025-12-02,2026-01-27,45.49,enterprise,0.8740676721597977,39.7613384065492,5.7286615934508
INV001113,C0025,2025-10-24,2025-12-03,30.53,mid_market,0.7515053081834926,22.94345705884203,7.586542941157972
INV001118,C0025,2025-11-01,2025-12-18,8.2,mid_market,0.6358497937051086,5.21396830838189,2.986031691618109
INV001119,C0025,2025-12-02,2026-01-16,43.23,mid_market,0.8087418373113278,34.9619096269687,8.268090373031301
INV001121,C0025,2025-12-14,2026-01-29,20.08,mid_market,0.7703158973308687,15.467943218403843,4.612056781596157
INV001120,C0025,2025-12-15,2026-01-29,51.77,mid_market,0.7821031779025588,40.489481520015474,11.280518479984533
INV001171,C0026,2025-11-01,2025-12-14,17.5,mid_market,0.840820509426547,14.714358914964572,2.785641085035428
INV001172,C0026,2025-11-02,2025-12-21,9.44,mid_market,0.8432141035132886,7.959941137165444,1.4800588628345552
INV001170,C0026,2025-11-27,2026-01-09,16.74,mid_market,0.7829591147473622,13.106735580870843,3.633264419129156
INV001174,C0026,2025-12-01,2026-01-19,16.53,mid_market,0.8328486156573903,13.766987616816664,2.763012383183338
INV001175,C0026,2025-12-02,2026-01-15,15.83,mid_market,0.8388227995461014,13.278564916814785,2.551435083185215
INV001173,C0026,2025-12-09,2026-01-28,30.61,mid_market,0.838976663247727,25.681075662012923,4.928924337987076
INV001203,C0027,2025-11-25,2025-12-24,3.03,smb,0.7700155669448087,2.33314716784277,0.6968528321572297
INV001204,C0027,2025-12-07,2026-01-08,5.5,smb,0.6342419785506763,3.4883308820287198,2.0116691179712802
INV001269,C0029,2025-10-05,2025-11-14,22.98,mid_market,0.7787368223571095,17.895372177766376,5.084627822233624
INV001270,C0029,2025-11-12,2025-12-31,30.15,mid_market,0.7404776762205351,22.325401938049133,7.8245980619508675
INV001307,C0030,2025-10-21,2025-12-06,28.34,mid_market,0.739584803355792,20.959833327103144,7.380166672896854
INV001308,C0030,2025-11-25,2026-01-07,17.9,mid_market,0.7250498265048656,12.978391894437094,4.921608105562905
INV001311,C0030,2025-12-07,2026-01-19,8.14,mid_market,0.702734862375446,5.720261779736131,2.4197382202638695
INV001310,C0030,2025-12-08,2026-01-22,11.62,mid_market,0.7210770264386858,8.378915047217529,3.241084952782471
INV001312,C0030,2025-12-14,2026-01-25,2.44,mid_market,0.6766514698470026,1.6510295864266864,0.7889704135733135
INV001309,C0030,2025-12-22,2026-02-05,23.29,mid_market,0.7899627747678095,18.398233024342282,4.891766975657716
INV001362,C0031,2025-09-19,2025-10-30,46.84,mid_market,0.7810894010997127,36.586227547510546,10.253772452489457
INV001365,C0031,2025-10-21,2025-12-08,33.41,mid_market,0.7262326124237284,24.263431581076762,9.146568418923234
INV001370,C0031,2025-12-05,2026-01-14,15.39,mid_market,0.7667992190560632,11.801039981272814,3.5889600187271875
INV001371,C0031,2025-12-14,2026-01-28,23.28,mid_market,0.7685351454208366,17.891498185397076,5.388501814602925
INV001425,C0032,2025-10-06,2025-12-03,9.12,enterprise,0.8510518148720232,7.761592551632851,1.3584074483671484
INV001428,C0032,2025-10-24,2025-12-23,53.88,enterprise,0.8673884670853835,46.73489060656047,7.145109393439536
INV001427,C0032,2025-10-25,2025-12-20,34.38,enterprise,0.8583770292819101,29.51100226671207,4.868997733287932
INV001431,C0032,2025-12-16,2026-02-11,35.31,enterprise,0.8787055877065412,31.02709430191797,4.282905698082032
INV001430,C0032,2025-12-25,2026-02-20,39.74,enterprise,0.8739574900952742,34.7310706563862,5.0089293436138025
INV001490,C0033,2025-09-19,2025-11-19,178.42,enterprise,0.8446181150315794,150.69676408393437,27.72323591606561
INV001495,C0033,2025-10-07,2025-12-02,115.23,enterprise,0.8604546615197982,99.15019064692635,16.079809353073653
INV001492,C0033,2025-10-15,2025-12-18,55.49,enterprise,0.8253177299598263,45.796880835470766,9.693119164529238
INV001494,C0033,2025-10-20,2025-12-24,80.02,enterprise,0.8402247313915671,67.23478300595319,12.785216994046804
INV001496,C0033,2025-11-13,2026-01-07,40.48,enterprise,0.8401814660215756,34.010545744553376,6.469454255446618
INV001572,C0035,2025-10-21,2025-12-02,56.48,mid_market,0.7808573041096524,44.102820536113164,12.377179463886833
INV001574,C0035,2025-11-04,2025-12-21,43.23,mid_market,0.7932644912649361,34.292823957383185,8.93717604261681
INV001575,C0035,2025-11-05,2025-12-24,46.42,mid_market,0.7598575913304155,35.27258938955789,11.147410610442112
INV001576,C0035,2025-11-28,2026-01-14,2.53,mid_market,0.7171953224681911,1.8145041658445233,0.7154958341554766
INV001578,C0035,2025-12-05,2026-01-14,27.88,mid_market,0.84950984273351,23.68433441541026,4.19566558458974
INV001579,C0035,2025-12-05,2026-01-15,29.18,mid_market,0.866249478165462,25.27715977286818,3.902840227131817
INV001577,C0035,2025-12-20,2026-02-07,40.05,mid_market,0.8644137931561133,34.61977241590234,5.43022758409766
INV001609,C0036,2025-09-22,2025-11-08,9.25,mid_market,0.7970952150343924,7.37313073906813,1.8768692609318702
INV001613,C0036,2025-11-02,2025-12-19,32.7,mid_market,0.802539754231493,26.243049963369824,6.456950036630178
INV001614,C0036,2025-11-12,2025-12-23,33.12,mid_market,0.8304571755053995,27.50474165273883,5.615258347261166
INV001616,C0036,2025-12-03,2026-01-22,16.45,mid_market,0.745093759640195,12.256792346081207,4.193207653918792
INV001615,C0036,2025-12-22,2026-02-04,4.6,mid_market,0.8245035934900949,3.7927165300544363,0.8072834699455632
INV001676,C0037,2025-08-10,2025-10-12,68.21,enterprise,0.8504610042639107,58.00994510084134,10.200054899158651
INV001679,C0037,2025-09-18,2025-11-15,23.83,enterprise,0.8714225620672411,20.765999654062355,3.064000345937644
INV001680,C0037,2025-10-08,2025-12-05,45.65,enterprise,0.8689209282731649,39.66624037566998,5.9837596243300215
INV001681,C0037,2025-10-12,2025-12-09,15.76,enterprise,0.8544398105527194,13.465971414310859,2.2940285856891416
INV001684,C0037,2025-11-02,2026-01-06,7.37,enterprise,0.8243698787815433,6.075606006619974,1.2943939933800257
INV001683,C0037,2025-11-28,2026-02-01,44.06,enterprise,0.8362980528234993,36.847292207403385,7.212707792596619
INV001686,C0037,2025-12-02,2026-01-29,23.72,enterprise,0.8728174436625431,20.703229763675523,3.0167702363244775
INV001685,C0037,2025-12-09,2026-02-12,51.2,enterprise,0.8683575351409288,44.45990579921556,6.740094200784444
INV001687,C0037,2025-12-21,2026-02-19,57.44,enterprise,0.8621887776168812,49.524123386313654,7.915876613686345
INV001689,C0037,2025-12-27,2026-02-27,35.52,enterprise,0.8485538973154018,30.140634432643072,5.37936556735693
INV001688,C0037,2025-12-28,2026-02-26,21.92,enterprise,0.8677598577051353,19.02129608089657,2.8987039191034345
INV001720,C0038,2025-12-15,2026-01-16,2.2,smb,0.8147827822669086,1.792522120987199,0.40747787901280114
INV001782,C0039,2025-10-16,2025-12-19,49.08,enterprise,0.8584143017201695,42.13097392842592,6.949026071574079
INV001784,C0039,2025-10-24,2025-12-27,46.2,enterprise,0.8654025761622706,39.981599018696905,6.2184009813031
INV001787,C0039,2025-11-01,2025-12-30,52.6,enterprise,0.8620553086973007,45.34410923747802,7.2558907625219815
INV001788,C0039,2025-11-11,2026-01-15,18.16,enterprise,0.8577627154509502,15.576970912589255,2.5830290874107447
INV001786,C0039,2025-11-14,2026-01-10,66.14,enterprise,0.864470251549696,57.176062437496896,8.963937562503105
INV001785,C0039,2025-11-17,2026-01-14,211.11,enterprise,0.8728151417769519,184.26000458053232,26.849995419467696
INV001789,C0039,2025-12-16,2026-02-16,16.61,enterprise,0.8525847115389469,14.161432058661907,2.448567941338092
INV001791,C0039,2025-12-20,2026-02-21,16.92,enterprise,0.826697396815495,13.987719954118177,2.932280045881824
INV001790,C0039,2025-12-27,2026-02-26,41.37,enterprise,0.8298822491547863,34.332228647533505,7.037771352466492
INV001844,C0040,2025-11-05,2025-12-16,5.07,mid_market,0.8227801133959414,4.171495174917423,0.8985048250825773
INV001845,C0040,2025-11-16,2026-01-02,40.39,mid_market,0.8413283824642055,33.98125336772926,6.4087466322707405
INV001849,C0040,2025-12-03,2026-01-22,17.63,mid_market,0.8347359547192895,14.716394881701074,2.9136051182989258
INV001848,C0040,2025-12-09,2026-01-26,10.25,mid_market,0.8326208831568437,8.534364052357647,1.7156359476423522
INV001846,C0040,2025-12-19,2026-01-30,19.82,mid_market,0.8551592162296704,16.949255665672066,2.8707443343279326
INV001847,C0040,2025-12-21,2026-02-04,23.25,mid_market,0.8550799814093595,19.880609567767607,3.369390432232392
INV001879,C0041,2025-12-13,2026-01-15,2.26,smb,0.6012477612204786,1.3588199403582815,0.9011800596417182
INV001914,C0042,2025-11-10,2025-12-26,13.84,mid_market,0.6945624559489938,9.612744390334074,4.227255609665926
INV001915,C0042,2025-11-11,2025-12-23,52.27,mid_market,0.7196872776739223,37.61805400401592,14.651945995984084
INV001916,C0042,2025-12-28,2026-02-16,44.74,mid_market,0.7307789792300197,32.69505153075108,12.04494846924892
INV001944,C0043,2025-12-11,2026-01-07,15.95,smb,0.8540371279281387,13.621892190453812,2.328107809546188
INV001943,C0043,2025-12-20,2026-01-18,17.28,smb,0.8430249761514155,14.56747158789646,2.712528412103541
INV001970,C0044,2025-11-17,2025-12-17,1.6,smb,0.797640189918945,1.276224303870312,0.323775696129688
INV001969,C0044,2025-11-18,2025-12-23,3.6,smb,0.6732812351184932,2.4238124464265756,1.1761875535734243
INV001996,C0045,2025-11-23,2025-12-22,4.93,smb,0.8408825408438835,4.145550926360345,0.7844490736396544
INV001997,C0045,2025-11-28,2025-12-28,10.0,smb,0.7703251021659758,7.703251021659758,2.2967489783402417
INV001998,C0045,2025-12-04,2026-01-04,5.68,smb,0.8147842747781429,4.627974680739851,1.0520253192601485
INV001999,C0045,2025-12-15,2026-01-17,13.51,smb,0.7468566918408489,10.090033906769868,3.4199660932301312
INV002062,C0046,2025-11-08,2026-01-03,47.53,enterprise,0.801394701123686,38.0902901444088,9.439709855591202
INV002061,C0046,2025-11-11,2026-01-09,57.3,enterprise,0.786450846951338,45.06363353031167,12.23636646968833
INV002063,C0046,2025-12-03,2026-02-03,38.22,enterprise,0.7655465950693017,29.25919086354871,8.96080913645129
INV002066,C0046,2025-12-09,2026-02-10,52.78,enterprise,0.782203765656614,41.284714751356084,11.495285248643915
INV002065,C0046,2025-12-20,2026-02-20,98.54,enterprise,0.7646407957437984,75.3477040125939,23.19229598740611
INV002064,C0046,2025-12-26,2026-02-21,100.5,enterprise,0.5788640648440622,58.17583851682825,42.32416148317175
INV002108,C0047,2025-10-06,2025-11-23,28.0,mid_market,0.7839779731268018,21.951383247550453,6.048616752449549
INV002110,C0047,2025-12-11,2026-01-27,9.8,mid_market,0.7754873969003101,7.599776489623039,2.2002235103769614
INV002111,C0047,2025-12-23,2026-02-10,12.77,mid_market,0.7622332757331923,9.733718931112866,3.036281068887134
INV002163,C0048,2025-11-22,2026-01-03,24.32,mid_market,0.802381049143917,19.51390711518006,4.80609288481994
INV002165,C0048,2025-12-04,2026-01-20,8.52,mid_market,0.7586834208097963,6.4639827452994645,2.056017254700535
INV002164,C0048,2025-12-12,2026-01-29,27.84,mid_market,0.7936001056272209,22.09382694066183,5.746173059338169
INV002166,C0048,2025-12-15,2026-01-29,18.41,mid_market,0.8307348690169077,15.293828938601271,3.1161710613987283
INV002191,C0049,2025-11-02,2025-12-02,11.15,smb,0.7201404715138087,8.029566257378967,3.1204337426210333
INV002193,C0049,2025-12-07,2026-01-01,4.36,smb,0.7563714369151272,3.2977794649499548,1.0622205350500455
INV002192,C0049,2025-12-27,2026-01-27,4.09,smb,0.6451165424565941,2.6385266586474696,1.45147334135253
INV002237,C0050,2025-10-28,2025-12-10,22.08,mid_market,0.8367640182611018,18.475749523205128,3.604250476794872
INV002240,C0050,2025-12-05,2026-01-19,21.61,mid_market,0.8349256766015741,18.042743871360017,3.567256128639983
INV002242,C0050,2025-12-07,2026-01-21,20.71,mid_market,0.8631998222505154,17.876868318808175,2.8331316811918263
INV002241,C0050,2025-12-16,2026-02-01,21.72,mid_market,0.8548471572179389,18.56728025477363,3.1527197452263667
INV002270,C0051,2025-10-17,2025-11-19,20.74,smb,0.843283262346638,17.48969486106927,3.2503051389307283
INV002272,C0051,2025-11-14,2025-12-15,10.18,smb,0.8137443310286193,8.283917289871344,1.8960827101286553
INV002271,C0051,2025-11-23,2025-12-25,5.19,smb,0.8153885446355225,4.231866546658362,0.9581334533416385
INV002273,C0051,2025-12-04,2025-12-30,6.68,smb,0.8712895406434731,5.8202141314984,0.8597858685015998
INV002274,C0051,2025-12-13,2026-01-13,1.76,smb,0.8148699091524872,1.4341710401083776,0.32582895989162247
INV002347,C0052,2025-09-22,2025-11-23,71.03,enterprise,0.8652389883639052,61.45792534348819,9.572074656511813
INV002349,C0052,2025-10-14,2025-12-09,138.68,enterprise,0.8791183136417305,121.9161277358352,16.76387226416481
INV002350,C0052,2025-10-15,2025-12-15,95.29,enterprise,0.8696580159067281,82.86971233575213,12.420287664247882
INV002352,C0052,2025-10-17,2025-12-11,60.21,enterprise,0.876753735648027,52.78934242336771,7.4206575766322915
INV002351,C0052,2025-10-18,2025-12-21,62.78,enterprise,0.8616059277003978,54.09162014103097,8.688379858969027
INV002353,C0052,2025-10-19,2025-12-21,76.06,enterprise,0.8578124185860876,65.24521255765782,10.814787442342178
INV002348,C0052,2025-10-26,2025-12-20,134.14,enterprise,0.8752678357029029,117.40842748118739,16.731572518812605
INV002354,C0052,2025-11-08,2026-01-07,19.98,enterprise,0.8728834234744244,17.440210801019,2.539789198981001
INV002359,C0052,2025-11-09,2026-01-07,22.2,enterprise,0.8706824014062363,19.329149311218444,2.8708506887815535
INV002357,C0052,2025-11-10,2026-01-10,44.13,enterprise,0.8725672100895631,38.50639098125242,5.623609018747582
INV002356,C0052,2025-11-24,2026-01-24,19.26,enterprise,0.8757672403357174,16.86727704886592,2.392722951134083
INV002355,C0052,2025-11-25,2026-01-28,99.73,enterprise,0.8662203571765047,86.38815622121281,13.341843778787187
INV002358,C0052,2025-11-28,2026-01-27,26.55,enterprise,0.869721841247663,23.091114885125453,3.458885114874546
INV002361,C0052,2025-12-10,2026-02-03,35.39,enterprise,0.8760387585546399,31.003011665248707,4.386988334751296
INV002360,C0052,2025-12-17,2026-02-12,37.66,enterprise,0.8762351685539881,32.99901644774319,4.660983552256808
INV002362,C0052,2025-12-19,2026-02-19,51.84,enterprise,0.8692116396956253,45.05993140182122,6.780068598178784
INV002363,C0052,2025-12-20,2026-02-23,50.75,enterprise,0.8623890507536995,43.76624432575025,6.983755674249749
INV002392,C0053,2025-11-18,2026-01-04,25.63,mid_market,0.7694033792747325,19.71980861081139,5.910191389188607
INV002393,C0053,2025-12-26,2026-02-04,14.67,mid_market,0.7687403205227108,11.277420502068168,3.3925794979318327
INV002431,C0054,2025-11-03,2025-12-16,46.79,mid_market,0.806082234394922,37.7165877473384,9.0734122526616
INV002430,C0054,2025-11-19,2026-01-06,22.43,mid_market,0.7800610822511844,17.496770074894066,4.933229925105933
INV002491,C0055,2025-09-21,2025-11-19,54.46,enterprise,0.8465553523991656,46.10340449165856,8.356595508341442
INV002498,C0055,2025-10-02,2025-11-29,28.93,enterprise,0.8114834312858017,23.47621566709824,5.453784332901757
INV002497,C0055,2025-10-06,2025-12-01,49.62,enterprise,0.8521032862715872,42.281365064796155,7.338634935203845
INV002496,C0055,2025-10-16,2025-12-12,59.43,enterprise,0.859716821880093,51.09297072433393,8.337029275666072
INV002501,C0055,2025-11-02,2025-12-30,63.08,enterprise,0.8591248833738268,54.19359764322099,8.886402356779008
INV002499,C0055,2025-11-05,2026-01-01,113.23,enterprise,0.8427633925067732,95.42609893354194,17.803901066458067
INV002500,C0055,2025-11-17,2026-01-18,55.73,enterprise,0.8355675436426131,46.56617920720282,9.163820792797171
INV002505,C0055,2025-12-06,2026-02-06,27.59,enterprise,0.8231038942912132,22.70943644349457,4.880563556505427
INV002506,C0055,2025-12-13,2026-02-09,47.51,enterprise,0.8339367679654296,39.620335846037555,7.88966415396244
INV002503,C0055,2025-12-17,2026-02-11,106.29,enterprise,0.8427633925067732,89.57732098954493,16.712679010455073
INV002508,C0055,2025-12-19,2026-02-20,8.14,enterprise,0.8011735546372465,6.521552734747186,1.6184472652528137
INV002504,C0055,2025-12-23,2026-02-21,44.22,enterprise,0.8465628281311329,37.4350082599587,6.784991740041302
INV002502,C0055,2025-12-23,2026-02-19,38.02,enterprise,0.8413075693512829,31.98651378673578,6.033486213264224
INV002507,C0055,2025-12-28,2026-03-03,32.72,enterprise,0.7945505705949542,25.9976946698669,6.7223053301331
INV002539,C0056,2025-11-02,2025-12-05,21.04,smb,0.7653095826899955,16.102113619797503,4.937886380202495
INV002575,C0057,2025-09-24,2025-11-09,16.05,mid_market,0.6555063140940295,10.520876341209174,5.529123658790827
INV002580,C0057,2025-11-09,2025-12-26,33.34,mid_market,0.7283065391787884,24.28174001622081,9.058259983779196
INV002579,C0057,2025-11-27,2026-01-11,18.88,mid_market,0.6399071607699259,12.081447195336201,6.798552804663798
INV002584,C0057,2025-12-11,2026-01-29,14.58,mid_market,0.6849406564016958,9.986434770336725,4.593565229663276
INV002581,C0057,2025-12-12,2026-01-25,21.6,mid_market,0.7870779673471173,17.000884094697735,4.599115905302266
INV002582,C0057,2025-12-16,2026-01-25,12.23,mid_market,0.7167152063821425,8.765426974053602,3.4645730259463976
INV002583,C0057,2025-12-27,2026-02-05,24.23,mid_market,0.6289764962166922,15.240100503330451,8.98989949666955
INV002639,C0059,2025-11-01,2025-12-05,10.78,smb,0.709536522041206,7.6488037076042,3.131196292395799
INV002640,C0059,2025-12-14,2026-01-17,4.88,smb,0.78954410642665,3.8529752393620518,1.0270247606379481
INV002693,C0061,2025-11-15,2025-12-12,5.56,smb,0.8386620270400731,4.662960870342806,0.8970391296571936
INV002717,C0062,2025-11-24,2025-12-24,19.97,smb,0.7448584656639672,14.874823559309425,5.095176440690575
INV002719,C0062,2025-12-26,2026-01-27,7.51,smb,0.6688600420577571,5.023138915853756,2.4868610841462444
INV002720,C0062,2025-12-26,2026-01-23,3.71,smb,0.5631611825334314,2.0893279871990305,1.6206720128009695
INV002771,C0063,2025-11-26,2026-01-26,27.25,enterprise,0.7803526749633442,21.264610392751127,5.985389607248872
INV002770,C0063,2025-11-26,2026-01-27,23.11,enterprise,0.7756875567275975,17.92613943597478,5.183860564025222
INV002772,C0063,2025-12-24,2026-02-21,57.28,enterprise,0.8298634996863915,47.534581262036504,9.745418737963496
INV002814,C0064,2025-10-28,2025-12-11,15.83,mid_market,0.8175472527121354,12.941773010433103,2.8882269895668973
INV002815,C0064,2025-11-14,2025-12-29,18.65,mid_market,0.8373758191272719,15.61705902672362,3.032940973276379
INV002817,C0064,2025-12-03,2026-01-20,24.37,mid_market,0.7977903720416442,19.44215136665487,4.927848633345132
INV002864,C0065,2025-11-23,2026-01-03,8.03,mid_market,0.6888226802445592,5.53124612236381,2.4987538776361897
INV002869,C0065,2025-12-01,2026-01-13,15.44,mid_market,0.7065074075679414,10.908474372849014,4.531525627150985
INV002870,C0065,2025-12-06,2026-01-21,4.0,mid_market,0.7423944185881067,2.969577674352427,1.030422325647573
INV002868,C0065,2025-12-11,2026-01-30,11.22,mid_market,0.7254938356975145,8.140040836526113,3.079959163473888
INV002867,C0065,2025-12-13,2026-01-31,29.0,mid_market,0.7799223234035595,22.617747378703225,6.382252621296775
INV002866,C0065,2025-12-14,2026-02-02,10.56,mid_market,0.7796841261269253,8.23346437190033,2.326535628099669
INV002871,C0065,2025-12-24,2026-02-09,11.11,mid_market,0.7676845300262097,8.52897512859119,2.5810248714088098
INV002914,C0066,2025-09-22,2025-11-02,18.11,mid_market,0.8029960743895527,14.542258907194798,3.567741092805201
INV002917,C0066,2025-11-03,2025-12-13,47.7,mid_market,0.849478120136468,40.52010633050952,7.179893669490479
INV002918,C0066,2025-11-07,2025-12-25,13.25,mid_market,0.7370494877721481,9.765905712980961,3.484094287019038
INV002976,C0067,2025-10-18,2025-12-12,18.84,enterprise,0.8703539996291053,16.397469353012344,2.442530646987656
INV002975,C0067,2025-10-24,2025-12-19,33.19,enterprise,0.8774015442788189,29.120957254613998,4.0690427453860005
INV002979,C0067,2025-11-02,2025-12-30,30.4,enterprise,0.8670459589475509,26.358197152005545,4.041802847994453
INV002980,C0067,2025-11-02,2025-12-31,40.38,enterprise,0.8604242358306137,34.74393064284018,5.63606935715982
INV002981,C0067,2025-11-03,2025-12-29,14.13,enterprise,0.8777019825468446,12.401929013386916,1.7280709866130857
INV002982,C0067,2025-11-12,2026-01-13,50.44,enterprise,0.8666855690944708,43.715620105125105,6.724379894874892
INV002978,C0067,2025-11-19,2026-01-16,27.86,enterprise,0.8739602591325719,24.34853281943345,3.5114671805665463
INV002984,C0067,2025-12-07,2026-02-05,97.19,enterprise,0.860974541373214,83.67811567606267,13.511884323937325
INV002983,C0067,2025-12-19,2026-02-19,21.13,enterprise,0.8672079598005462,18.32410419058554,2.8058958094144586
INV003012,C0068,2025-11-17,2025-12-14,4.66,smb,0.8365561173835617,3.8983515070073977,0.7616484929926024
INV003056,C0069,2025-11-05,2025-12-23,22.32,mid_market,0.7663380993354199,17.10466637716657,5.215333622833429
INV003058,C0069,2025-12-03,2026-01-15,21.4,mid_market,0.7812995369297825,16.719810090297344,4.680189909702654
INV003085,C0070,2025-12-16,2026-01-15,2.95,smb,0.8184720933168124,2.4144926752845968,0.5355073247154035
INV003145,C0071,2025-11-22,2026-01-10,6.5,mid_market,0.7494154704118889,4.8712005576772786,1.628799442322722
INV003144,C0071,2025-11-24,2026-01-05,12.78,mid_market,0.7469362443144782,9.54584520233903,3.2341547976609677
INV003147,C0071,2025-12-05,2026-01-15,41.79,mid_market,0.815412186709726,34.07607528259945,7.713924717400548
INV003146,C0071,2025-12-22,2026-02-08,10.93,mid_market,0.7979572862977143,8.721673139234017,2.208326860765982
INV003177,C0072,2025-12-11,2026-01-06,6.24,smb,0.8371404284999225,5.223756273839517,1.0162437261604833
INV003178,C0072,2025-12-24,2026-01-18,9.5,smb,0.8528666675651327,8.10223334186876,1.397766658131239
INV003179,C0072,2025-12-26,2026-01-21,4.74,smb,0.7892146181857785,3.7408772902005905,0.9991227097994098
INV003209,C0073,2025-10-27,2025-11-22,10.58,smb,0.7820686632282308,8.274286456954682,2.3057135430453184
INV003210,C0073,2025-12-14,2026-01-09,16.2,smb,0.7634839715359321,12.368440338882099,3.8315596611179004
INV003211,C0073,2025-12-26,2026-01-27,2.04,smb,0.5299785341571993,1.0811562096806866,0.9588437903193134
INV003273,C0074,2025-10-03,2025-11-29,138.01,enterprise,0.8682101069416923,119.82167685902294,18.188323140977044
INV003274,C0074,2025-10-14,2025-12-10,20.64,enterprise,0.8707587597546602,17.972460801336187,2.667539198663813
INV003271,C0074,2025-10-15,2025-12-15,90.26,enterprise,0.8537583732165885,77.06023076652929,13.19976923347072
INV003275,C0074,2025-10-22,2025-12-19,74.18,enterprise,0.8698708753695266,64.52702153491148,9.65297846508852
INV003270,C0074,2025-10-23,2025-12-17,48.5,enterprise,0.8607027304651886,41.74408242756165,6.755917572438351
INV003278,C0074,2025-11-02,2025-12-27,83.5,enterprise,0.8701629288444964,72.65860455851545,10.841395441484549
INV003277,C0074,2025-11-07,2026-01-09,20.79,enterprise,0.8554846588396713,17.785526057276765,3.0044739427232336
INV003276,C0074,2025-11-11,2026-01-09,20.45,enterprise,0.861429442296728,17.616232094968087,2.833767905031912
INV003280,C0074,2025-11-24,2026-01-21,12.16,enterprise,0.8738656015604855,10.626205714975505,1.5337942850244959
INV003282,C0074,2025-12-08,2026-02-01,29.38,enterprise,0.8746212617911051,25.69637267142267,3.6836273285773316
INV003281,C0074,2025-12-12,2026-02-08,22.12,enterprise,0.8635553127320889,19.101843517633807,3.018156482366195
INV003283,C0074,2025-12-19,2026-02-16,64.13,enterprise,0.86609385996325,55.54259923944321,8.58740076055678
INV003348,C0076,2025-12-08,2026-01-12,4.3,smb,0.7190519284150823,3.0919232921848536,1.2080767078151462
INV003349,C0076,2025-12-11,2026-01-12,3.99,smb,0.6923981288856321,2.7626685342536725,1.227331465746328
INV003350,C0076,2025-12-20,2026-01-24,4.91,smb,0.6766930296712828,3.3225627756859986,1.5874372243140018
INV003378,C0077,2025-12-06,2026-01-01,5.41,smb,0.8067094186528414,4.364297954911872,1.045702045088128
INV003411,C0078,2025-12-01,2026-01-03,4.77,smb,0.8284979186235554,3.9519350718343587,0.8180649281656408
INV003463,C0079,2025-11-02,2026-01-01,16.24,enterprise,0.8628953556367001,14.013420575540007,2.226579424459991
INV003464,C0079,2025-11-05,2026-01-07,57.99,enterprise,0.8689794900394417,50.39212062738723,7.597879372612773
INV003465,C0079,2025-11-16,2026-01-14,113.34,enterprise,0.8593256782775196,97.39597237597407,15.94402762402593
INV003469,C0079,2025-12-02,2026-01-29,55.85,enterprise,0.8708870805741747,48.63904345006766,7.210956549932341
INV003467,C0079,2025-12-03,2026-02-01,19.5,enterprise,0.8558230485065211,16.68854944587716,2.811450554122838
INV003468,C0079,2025-12-15,2026-02-14,153.93,enterprise,0.8671271094117141,133.47687595174517,20.453124048254846
INV003466,C0079,2025-12-16,2026-02-10,26.46,enterprise,0.8698015647733421,23.014949403902634,3.445050596097367
INV003543,C0080,2025-10-04,2025-11-28,33.1,enterprise,0.8647152794643395,28.622075750269637,4.477924249730364
INV003540,C0080,2025-10-05,2025-11-29,132.51,enterprise,0.8667683305252128,114.85547147789595,17.654528522104044
INV003542,C0080,2025-10-08,2025-12-09,17.12,enterprise,0.8278796096378518,14.173298917000023,2.9467010829999776
INV003541,C0080,2025-10-11,2025-12-11,143.07,enterprise,0.8595105335165528,122.9701720302132,20.099827969786787
INV003544,C0080,2025-11-02,2025-12-27,44.87,enterprise,0.8625982806678534,38.70478485356658,6.165215146433418
INV003545,C0080,2025-11-03,2026-01-01,55.27,enterprise,0.8439230542299562,46.64362720728968,8.626372792710322
INV003546,C0080,2025-11-07,2026-01-10,119.66,enterprise,0.8380936664180282,100.28628812358124,19.373711876418746
INV003550,C0080,2025-12-04,2026-01-31,60.81,enterprise,0.8706064033503069,52.941575387732165,7.8684246122678365
INV003548,C0080,2025-12-06,2026-02-06,56.84,enterprise,0.823204988301566,46.79097153506101,10.04902846493899
INV003549,C0080,2025-12-20,2026-02-19,39.01,enterprise,0.8571241356939003,33.43641253341905,5.573587466580948
INV003547,C0080,2025-12-23,2026-02-17,46.7,enterprise,0.8673189092913359,40.50379306390539,6.196206936094613
INV003586,C0081,2025-12-26,2026-01-22,30.62,smb,0.8475255580434411,25.951232587290168,4.668767412709834
INV003613,C0082,2025-10-23,2025-11-27,2.94,smb,0.7826735609571228,2.301060269213941,0.6389397307860589
INV003614,C0082,2025-11-07,2025-12-11,5.21,smb,0.7149226132303503,3.7247468149301253,1.4852531850698747
INV003615,C0082,2025-12-20,2026-01-18,6.65,smb,0.8432704864875838,5.607748735142433,1.0422512648575675
INV003616,C0082,2025-12-20,2026-01-19,7.1,smb,0.7887590604601078,5.600189329266765,1.4998106707332346
INV003697,C0083,2025-09-25,2025-11-25,80.02,enterprise,0.8575895166860013,68.62431312521382,11.395686874786179
INV003700,C0083,2025-10-06,2025-12-05,56.54,enterprise,0.8549921518764723,48.341256267095744,8.198743732904259
INV003702,C0083,2025-11-20,2026-01-16,20.9,enterprise,0.8675405937252487,18.1315984088577,2.7684015911423017
INV003703,C0083,2025-11-28,2026-01-30,23.63,enterprise,0.8689255873947717,20.532711630138454,3.0972883698615457
INV003705,C0083,2025-12-02,2026-01-31,37.87,enterprise,0.8713821764309579,32.99924302144038,4.870756978559623
INV003706,C0083,2025-12-02,2026-02-02,91.14,enterprise,0.8649892216945578,78.835117665242,12.304882334758
INV003707,C0083,2025-12-10,2026-02-09,71.55,enterprise,0.8688452383762099,62.16587680581781,9.384123194182184
INV003704,C0083,2025-12-11,2026-02-10,19.69,enterprise,0.8720432084231752,17.17053077385232,2.519469226147681
INV003726,C0084,2025-11-10,2025-12-10,15.99,smb,0.8008771910447275,12.806026284805194,3.1839737151948064
INV003728,C0084,2025-12-06,2026-01-01,2.23,smb,0.8416631284866408,1.876908776525209,0.35309122347479094
INV003729,C0084,2025-12-17,2026-01-18,3.59,smb,0.7452552117588664,2.6754662102143305,0.9145337897856695
INV003754,C0085,2025-12-07,2026-01-04,9.74,smb,0.8547563864664673,8.325327204183392,1.414672795816608
INV003789,C0086,2025-12-02,2025-12-27,5.02,smb,0.8637795346799327,4.3361732640932615,0.6838267359067376
INV003788,C0086,2025-12-21,2026-01-16,10.41,smb,0.8233521462631153,8.57109584259903,1.8389041574009701
INV003836,C0087,2025-10-08,2025-11-17,35.19,mid_market,0.7583677590778157,26.686961441948334,8.503038558051664
INV003835,C0087,2025-10-16,2025-11-29,40.09,mid_market,0.7065295705556549,28.32477048357621,11.765229516423796
INV003838,C0087,2025-11-13,2026-01-01,41.96,mid_market,0.6290098581129859,26.39325364642089,15.566746353579111
INV003839,C0087,2025-12-15,2026-01-30,10.04,mid_market,0.8121556919082362,8.15404314675869,1.8859568532413082
INV003880,C0088,2025-11-07,2025-12-21,13.55,mid_market,0.6853396511869051,9.286352273582565,4.263647726417436
INV003884,C0088,2025-12-12,2026-01-23,25.33,mid_market,0.7733444316335097,19.5888144532768,5.741185546723198
INV003881,C0088,2025-12-17,2026-01-30,71.06,mid_market,0.741077507703012,52.66096769737603,18.399032302623972
INV003882,C0088,2025-12-20,2026-02-05,15.34,mid_market,0.6532824158091254,10.021352258511984,5.318647741488016
INV003883,C0088,2025-12-24,2026-02-11,34.83,mid_market,0.6880095770188505,23.96337356756656,10.866626432433439
INV003927,C0089,2025-11-14,2026-01-02,11.45,mid_market,0.663452086490691,7.596526390318411,3.853473609681588
INV003931,C0089,2025-12-05,2026-01-16,8.46,mid_market,0.6296125143007848,5.32652187098464,3.133478129015361
INV003930,C0089,2025-12-07,2026-01-25,64.09,mid_market,0.7567651800581031,48.50108038992383,15.588919610076172
INV003929,C0089,2025-12-14,2026-01-28,7.86,mid_market,0.6178727008541443,4.856479428713574,3.003520571286426
INV003928,C0089,2025-12-15,2026-02-03,27.31,mid_market,0.6727181842520559,18.371933611923644,8.938066388076354
INV003998,C0090,2025-08-22,2025-10-21,109.66,enterprise,0.8527468870529634,93.51222363422796,16.14777636577203
INV004007,C0090,2025-11-04,2026-01-08,21.06,enterprise,0.8641885987043261,18.199811888713107,2.8601881112868925
INV004008,C0090,2025-11-09,2026-01-10,27.22,enterprise,0.8683374479384715,23.636145332885192,3.583854667114807
INV004005,C0090,2025-11-11,2026-01-08,44.72,enterprise,0.8689975080660726,38.861568560714765,5.858431439285234
INV004004,C0090,2025-11-19,2026-01-14,52.32,enterprise,0.8734536515505833,45.69909504912652,6.620904950873482
INV004009,C0090,2025-11-25,2026-01-21,26.52,enterprise,0.876479577368812,23.244238391820893,3.275761608179106
INV004006,C0090,2025-11-27,2026-01-21,57.35,enterprise,0.831802371844022,47.70386602525466,9.646133974745341
INV004011,C0090,2025-12-11,2026-02-12,58.92,enterprise,0.8639110321352796,50.901638013410675,8.018361986589323
INV004036,C0091,2025-12-11,2026-01-14,0.78,smb,0.5918049634890109,0.4616078715214285,0.3183921284785715
INV004039,C0091,2025-12-26,2026-01-26,17.76,smb,0.5600813636743133,9.947045018855805,7.812954981144197
INV004070,C0092,2025-09-13,2025-10-24,27.74,mid_market,0.7948496839618684,22.04913023310223,5.69086976689777
INV004073,C0092,2025-10-21,2025-12-10,119.58,mid_market,0.8206245292731683,98.13028121048546,21.449718789514534
INV004074,C0092,2025-10-25,2025-12-06,40.42,mid_market,0.7824630404389079,31.62715609454066,8.792843905459343
INV004077,C0092,2025-11-25,2026-01-04,13.81,mid_market,0.768254999621729,10.609601544776078,3.200398455223922
INV004079,C0092,2025-11-25,2026-01-06,3.89,mid_market,0.721716508566376,2.807477218323203,1.0825227816767973
INV004083,C0092,2025-12-01,2026-01-20,7.24,mid_market,0.621718812429329,4.501244201988342,2.738755798011658
INV004080,C0092,2025-12-09,2026-01-27,32.99,mid_market,0.7321274765551116,24.152885451553132,8.83711454844687
INV004082,C0092,2025-12-14,2026-01-24,19.21,mid_market,0.8050328776014193,15.464681578723265,3.745318421276736
INV004081,C0092,2025-12-27,2026-02-13,63.31,mid_market,0.6836346507818013,43.280909740995845,20.02909025900416
INV004123,C0093,2025-12-22,2026-01-31,77.2,mid_market,0.8161552156942837,63.007182651598704,14.192817348401297
INV004169,C0094,2025-11-12,2025-12-25,28.0,mid_market,0.8167330376671293,22.868525054679623,5.131474945320378
INV004168,C0094,2025-11-23,2026-01-02,31.29,mid_market,0.7718589190109751,24.15146557585341,7.138534424146588
INV004171,C0094,2025-12-01,2026-01-18,16.81,mid_market,0.6930892500706999,11.650830293688465,5.159169706311535
INV004172,C0094,2025-12-04,2026-01-15,43.42,mid_market,0.7594467200579823,32.97517658491759,10.444823415082409
INV004173,C0094,2025-12-25,2026-02-06,23.55,mid_market,0.8059536350314366,18.980208104990332,4.5697918950096685
INV004170,C0094,2025-12-27,2026-02-10,14.93,mid_market,0.7246726539657783,10.81936272370907,4.11063727629093
INV004196,C0095,2025-12-19,2026-01-17,13.88,smb,0.7251731765580801,10.065403690626152,3.814596309373848
INV004195,C0095,2025-12-20,2026-01-20,2.13,smb,0.7043855433048152,1.5003412072392563,0.6296587927607437
INV004193,C0095,2025-12-27,2026-01-22,3.95,smb,0.8169456811424156,3.2269354405125417,0.7230645594874584
INV004261,C0096,2025-10-23,2025-12-17,76.64,enterprise,0.8538514619019538,65.43917604016575,11.20082395983426
INV004262,C0096,2025-11-21,2026-01-17,51.65,enterprise,0.8519270682375014,44.002033074466944,7.647966925533051
INV004264,C0096,2025-12-08,2026-02-03,36.14,enterprise,0.8673794213963332,31.347092289263482,4.792907710736519
INV004263,C0096,2025-12-16,2026-02-16,69.59,enterprise,0.8545100676600274,59.46535560846131,10.124644391538697
INV004265,C0096,2025-12-23,2026-02-20,43.87,enterprise,0.8596309830156951,37.71201122489854,6.157988775101457
INV004313,C0097,2025-10-13,2025-11-25,13.97,mid_market,0.7117988930934674,9.94383053651574,4.02616946348426
INV004316,C0097,2025-11-08,2025-12-26,24.97,mid_market,0.7949509851016885,19.84992609798916,5.120073902010838
INV004315,C0097,2025-11-22,2026-01-10,43.48,mid_market,0.7870674368547022,34.221692154442444,9.25830784555755
INV004383,C0098,2025-10-15,2025-12-16,74.49,enterprise,0.8629892572344188,64.28406977139186,10.205930228608144
INV004385,C0098,2025-11-10,2026-01-07,101.05,enterprise,0.8683682778278173,87.74861447450094,13.301385525499057
INV004386,C0098,2025-11-23,2026-01-27,89.77,enterprise,0.856238553215975,76.86453492219808,12.905465077801926
INV004388,C0098,2025-12-03,2026-02-04,16.28,enterprise,0.8280035127203353,13.47989718708706,2.800102812912941
INV004387,C0098,2025-12-11,2026-02-07,54.7,enterprise,0.867856778573507,47.47176578797083,7.22823421202917
INV004444,C0099,2025-10-12,2025-12-06,52.58,enterprise,0.8610179001625838,45.27232119054866,7.307678809451342
INV004448,C0099,2025-11-01,2025-12-27,63.19,enterprise,0.8731927974408699,55.17705287028856,8.012947129711433
INV004446,C0099,2025-11-11,2026-01-13,182.34,enterprise,0.866059372135797,157.91726591524122,24.42273408475878
INV004445,C0099,2025-11-22,2026-01-23,39.16,enterprise,0.8641918823575284,33.84175411312081,5.318245886879187
INV004449,C0099,2025-12-05,2026-02-05,42.13,enterprise,0.8631545785189927,36.36470239300517,5.765297606994839
INV004450,C0099,2025-12-10,2026-02-03,14.35,enterprise,0.872495079177622,12.520304386198877,1.8296956138011238
INV004550,C0102,2025-11-21,2026-01-03,18.97,mid_market,0.8278316862189293,15.703967087573089,3.2660329124269105
INV004552,C0102,2025-12-21,2026-02-08,59.19,mid_market,0.8304349412983322,49.15344417544828,10.036555824551717
INV004592,C0103,2025-09-26,2025-11-08,39.65,mid_market,0.7389061278868755,29.29762797071461,10.352372029285387
INV004594,C0103,2025-10-21,2025-12-01,10.93,mid_market,0.7414687896229665,8.104253870579024,2.8257461294209762
INV004595,C0103,2025-11-21,2025-12-31,17.76,mid_market,0.8068629133424876,14.329885340962582,3.4301146590374203
INV004596,C0103,2025-12-24,2026-02-09,16.45,mid_market,0.7533137610379228,12.39201136907383,4.05798863092617
INV004616,C0104,2025-11-01,2025-12-02,11.16,smb,0.7496022958050828,8.365561621184723,2.7944383788152765
INV004615,C0104,2025-11-25,2025-12-30,5.87,smb,0.5935289249361895,3.4840147893754323,2.385985210624568
INV004657,C0105,2025-11-03,2025-12-16,15.66,mid_market,0.7186188550739567,11.253571270458162,4.406428729541838
INV004656,C0105,2025-11-20,2026-01-05,13.39,mid_market,0.7256778708050761,9.71682669007997,3.6731733099200317
INV004659,C0105,2025-12-14,2026-02-02,21.61,mid_market,0.7504266794203704,16.216720542274206,5.393279457725795
INV004660,C0105,2025-12-14,2026-01-27,11.23,mid_market,0.6112996524238968,6.864895096720362,4.365104903279638
INV004690,C0106,2025-11-09,2025-12-14,12.36,smb,0.6714054424362751,8.29857126851236,4.06142873148764
INV004692,C0106,2025-12-12,2026-01-07,6.74,smb,0.8310158010660114,5.601046499184917,1.1389535008150835
INV004732,C0107,2025-12-04,2025-12-30,45.9,smb,0.8737066082721712,40.10313331969265,5.796866680307343
INV004729,C0107,2025-12-15,2026-01-09,6.6,smb,0.8216521827526573,5.422904406167538,1.1770955938324619
INV004731,C0107,2025-12-19,2026-01-17,9.99,smb,0.8440155613718965,8.431715458105247,1.5582845418947542
INV004789,C0108,2025-11-06,2025-12-19,42.76,mid_market,0.8512078849514678,36.397649160524765,6.362350839475236
INV004787,C0108,2025-11-12,2025-12-30,16.74,mid_market,0.8409275382318424,14.077126990001041,2.662873009998958
INV004786,C0108,2025-11-26,2026-01-08,14.69,mid_market,0.8331943646218778,12.239625216295384,2.450374783704615
INV004838,C0109,2025-11-21,2026-01-07,20.45,mid_market,0.8344984977397963,17.065494278778836,3.384505721221165
INV004839,C0109,2025-12-12,2026-01-25,35.28,mid_market,0.8616061272491427,30.397464169349753,4.882535830650247
INV004867,C0110,2025-11-11,2025-12-09,4.49,smb,0.7699000886797607,3.4568513981721254,1.0331486018278746
INV004869,C0110,2025-12-19,2026-01-13,3.08,smb,0.7830610670118862,2.4118280863966093,0.6681719136033907
INV004890,C0111,2025-11-18,2025-12-16,1.53,smb,0.8010131994868277,1.2255501952148464,0.3044498047851536
INV004889,C0111,2025-11-27,2025-12-29,19.66,smb,0.7972501165310456,15.673937291000357,3.9860627089996434
INV004968,C0112,2025-11-02,2025-12-29,25.76,enterprise,0.8745790079442727,22.529155244644464,3.230844755355536
INV004969,C0112,2025-11-09,2026-01-04,45.49,enterprise,0.8599340657273631,39.11840064993775,6.371599350062254
INV004971,C0112,2025-11-13,2026-01-13,60.68,enterprise,0.8632097154425309,52.37956553305278,8.300434466947225
INV004970,C0112,2025-11-22,2026-01-18,62.2,enterprise,0.8632154546069556,53.69200127655264,8.507998723447363
INV004972,C0112,2025-11-22,2026-01-22,37.75,enterprise,0.8576882570702203,32.377731704400816,5.3722682955991825
INV004973,C0112,2025-12-03,2026-02-05,30.59,enterprise,0.8669744769427344,26.520749249678246,4.069250750321753
INV004974,C0112,2025-12-15,2026-02-18,56.65,enterprise,0.8446859677437767,47.85146007268495,8.79853992731505
INV004975,C0112,2025-12-18,2026-02-17,31.62,enterprise,0.863147459566542,27.29272267149406,4.327277328505941
INV004976,C0112,2025-12-25,2026-02-26,19.94,enterprise,0.8673540027505513,17.295038814845995,2.644961185154007
INV005005,C0113,2025-11-26,2025-12-25,4.39,smb,0.814012190700051,3.573513517173224,0.8164864828267758
INV005006,C0113,2025-12-24,2026-01-20,3.51,smb,0.8390049409444857,2.944907342715145,0.565092657284855
INV005053,C0114,2025-10-07,2025-12-04,209.06,enterprise,0.833330979583625,174.21617459175263,34.843825408247355
INV005054,C0114,2025-11-12,2026-01-16,40.3,enterprise,0.7614286183416182,30.68557331916721,9.614426680832784
INV005058,C0114,2025-11-14,2026-01-16,42.45,enterprise,0.7909001573429317,33.573711679207456,8.876288320792549
INV005057,C0114,2025-11-22,2026-01-26,169.78,enterprise,0.8155369312774715,138.46186019228912,31.31813980771089
INV005055,C0114,2025-11-25,2026-01-28,52.16,enterprise,0.8380356859544971,43.711941379386566,8.448058620613432
INV005056,C0114,2025-11-27,2026-01-30,80.46,enterprise,0.7731042232968165,62.20396580646185,18.256034193538145
INV005060,C0114,2025-12-13,2026-02-13,20.53,enterprise,0.8380740046756249,17.20565931599058,3.3243406840094214
INV005059,C0114,2025-12-27,2026-02-25,30.59,enterprise,0.7318310960709471,22.386713228810272,8.203286771189727
INV005091,C0115,2025-11-25,2025-12-23,3.79,smb,0.7812486958431785,2.960932557245646,0.8290674427543536
INV005092,C0115,2025-12-05,2026-01-07,5.02,smb,0.6118226563264134,3.071349734758595,1.9486502652414044
INV005093,C0115,2025-12-09,2026-01-09,3.26,smb,0.6757244927895416,2.2028618464939056,1.0571381535060942
INV005095,C0115,2025-12-16,2026-01-18,20.0,smb,0.7395772790466798,14.791545580933596,5.208454419066404
INV005094,C0115,2025-12-26,2026-01-27,3.43,smb,0.561602062843467,1.926295075553092,1.503704924446908
INV005178,C0117,2025-09-21,2025-11-23,45.91,enterprise,0.838854295065475,38.511800686455956,7.3981993135440405
INV005184,C0117,2025-11-20,2026-01-21,39.44,enterprise,0.8230856714070472,32.46249888029394,6.977501119706056
INV005183,C0117,2025-11-23,2026-01-23,197.58,enterprise,0.823601296906958,162.7271442428768,34.85285575712323
INV005186,C0117,2025-12-17,2026-02-17,85.92,enterprise,0.8325301004466544,71.53098623037656,14.389013769623451
INV005185,C0117,2025-12-24,2026-02-27,34.07,enterprise,0.8274407908436829,28.190907744044278,5.879092255955722
INV005248,C0118,2025-12-02,2026-01-20,8.51,mid_market,0.8236954723399706,7.0096484696131505,1.5003515303868498
INV005246,C0118,2025-12-17,2026-02-05,23.54,mid_market,0.8343137785937156,19.639746348096065,3.900253651903935
INV005247,C0118,2025-12-21,2026-02-06,52.66,mid_market,0.8435891776270403,44.423406093839944,8.236593906160056
INV005269,C0119,2025-12-09,2026-01-12,2.76,smb,0.7211351202309896,1.9903329318375311,0.7696670681624687
INV005268,C0119,2025-12-20,2026-01-20,3.5,smb,0.7192191066790375,2.5172668733766312,0.9827331266233685
INV005270,C0119,2025-12-26,2026-01-20,6.7,smb,0.8398267708365581,5.6268393646049395,1.0731606353950607
INV005326,C0120,2025-10-13,2025-12-17,17.6,enterprise,0.8306409008831526,14.619279855543486,2.980720144456515
INV005329,C0120,2025-11-14,2026-01-15,5.84,enterprise,0.8330575190055197,4.865055910992235,0.9749440890077649
INV005328,C0120,2025-11-16,2026-01-10,72.73,enterprise,0.8670545719972081,63.06087902135695,9.669120978643052
INV005330,C0120,2025-11-17,2026-01-20,25.63,enterprise,0.858542872271612,22.004453816321416,3.625546183678585
INV005335,C0120,2025-12-02,2026-01-29,383.83,enterprise,0.8757827046722283,336.1516755343414,47.67832446565861
INV005332,C0120,2025-12-15,2026-02-08,38.96,enterprise,0.871119567957797,33.93881836763577,5.021181632364229
INV005334,C0120,2025-12-24,2026-02-22,129.15,enterprise,0.8657434558009824,111.81076731669688,17.33923268330312
INV005333,C0120,2025-12-25,2026-02-27,18.96,enterprise,0.8584021944423849,16.27530560662762,2.684694393372383
INV005405,C0122,2025-11-12,2025-12-16,11.22,smb,0.6894954114710307,7.7361385167049646,3.483861483295036
INV005472,C0124,2025-12-26,2026-01-24,6.9,smb,0.7468644300497947,5.153364567343584,1.7466354326564164
INV005521,C0125,2025-11-10,2025-12-25,36.53,mid_market,0.8018661285502764,29.292169675941597,7.237830324058404
INV005522,C0125,2025-11-20,2026-01-06,3.72,mid_market,0.723966332271256,2.693154756049072,1.026845243950928
INV005523,C0125,2025-12-09,2026-01-24,6.75,mid_market,0.767107549074002,5.177975956249513,1.5720240437504862
INV005524,C0125,2025-12-10,2026-01-21,7.02,mid_market,0.7670002717221805,5.384341907489707,1.6356580925102924
INV005525,C0125,2025-12-23,2026-02-08,17.28,mid_market,0.7843891186643591,13.554243970520126,3.7257560294798746
INV005596,C0126,2025-10-19,2025-12-23,104.29,enterprise,0.8534495603056531,89.00625464427657,15.283745355723438
INV005595,C0126,2025-10-27,2025-12-25,45.65,enterprise,0.8498900603960129,38.79748125707799,6.852518742922011
INV005602,C0126,2025-11-01,2026-01-03,18.9,enterprise,0.8645778374326736,16.34052112747753,2.5594788725224693
INV005597,C0126,2025-11-12,2026-01-10,37.5,enterprise,0.8659536462108698,32.473261732907616,5.026738267092383
INV005598,C0126,2025-11-16,2026-01-19,26.46,enterprise,0.846581642717329,22.400550266300527,4.0594497336994735
INV005601,C0126,2025-11-18,2026-01-21,57.59,enterprise,0.8089244858435607,46.585961139730664,11.00403886026934
INV005600,C0126,2025-11-28,2026-01-29,29.45,enterprise,0.8351763780060303,24.59594433227759,4.854055667722408
INV005604,C0126,2025-12-07,2026-02-08,24.31,enterprise,0.858819863007181,20.87791086970457,3.4320891302954286
INV005605,C0126,2025-12-15,2026-02-12,220.07,enterprise,0.8643309996237892,190.2133230872073,29.856676912792704
INV005603,C0126,2025-12-22,2026-02-24,20.67,enterprise,0.8610546618766345,17.797999860990036,2.872000139009965
INV005646,C0127,2025-11-15,2026-01-02,48.18,mid_market,0.7508402984018839,36.17548557700277,12.004514422997232
INV005647,C0127,2025-11-17,2026-01-06,5.75,mid_market,0.5456721660195868,3.137614954612624,2.612385045387376
INV005648,C0127,2025-12-04,2026-01-23,8.18,mid_market,0.6661985345007294,5.449504012215966,2.730495987784033
INV005650,C0127,2025-12-13,2026-01-27,9.49,mid_market,0.7263998991688647,6.893535043112526,2.596464956887474
INV005649,C0127,2025-12-25,2026-02-10,16.52,mid_market,0.7487513853780203,12.369372886444895,4.150627113555104
INV005713,C0128,2025-09-28,2025-11-29,35.12,enterprise,0.7773659336761773,27.301091590707347,7.818908409292651
INV005717,C0128,2025-10-18,2025-12-21,86.67,enterprise,0.8334888857326467,72.23848172644848,14.431518273551513
INV005719,C0128,2025-11-04,2026-01-07,44.31,enterprise,0.8606950310889804,38.13739682755272,6.17260317244728
INV005721,C0128,2025-11-22,2026-01-21,46.9,enterprise,0.8350158984905638,39.16224563920744,7.737754360792558
INV005720,C0128,2025-11-25,2026-01-29,23.08,enterprise,0.8556558064453679,19.74853601275909,3.3314639872409093
INV005723,C0128,2025-12-22,2026-02-18,51.26,enterprise,0.8577779364056061,43.969697020151365,7.290302979848633
INV005759,C0129,2025-09-25,2025-11-13,16.98,mid_market,0.7354107791865243,12.487275030587183,4.4927249694128175
INV005765,C0129,2025-12-06,2026-01-24,123.41,mid_market,0.8558354544024165,105.61865342780222,17.79134657219778
INV005766,C0129,2025-12-17,2026-02-03,18.91,mid_market,0.7882826990601505,14.906425839227445,4.003574160772555
INV005794,C0130,2025-11-03,2025-12-01,28.58,smb,0.7770803134176902,22.208955357477585,6.3710446425224125
INV005795,C0130,2025-12-09,2026-01-13,6.68,smb,0.5857693244814159,3.9129390875358583,2.7670609124641414
INV005822,C0131,2025-11-12,2025-12-14,9.56,smb,0.8324423610896775,7.958148972017318,1.6018510279826832
INV005823,C0131,2025-12-02,2025-12-29,10.81,smb,0.8487887832410936,9.175406746836222,1.634593253163778
INV005824,C0131,2025-12-06,2026-01-09,6.26,smb,0.7771906410898474,4.8652134132224445,1.3947865867775555
INV005871,C0132,2025-10-10,2025-11-26,41.57,mid_market,0.7666602188091066,31.870065295894562,9.699934704105438
INV005875,C0132,2025-11-19,2026-01-04,24.65,mid_market,0.6705309385342838,16.528587634870096,8.121412365129904
INV005878,C0132,2025-12-01,2026-01-20,11.59,mid_market,0.6977665920723901,8.087114802119002,3.5028851978809987
INV005879,C0132,2025-12-01,2026-01-18,14.42,mid_market,0.7117148941876155,10.262928774185415,4.157071225814585
INV005877,C0132,2025-12-11,2026-01-21,19.32,mid_market,0.7663891532376914,14.806638440552199,4.513361559447802
INV005876,C0132,2025-12-20,2026-02-03,20.33,mid_market,0.7689791319417905,15.633345752376599,4.6966542476234
INV005917,C0133,2025-11-12,2025-12-24,19.79,mid_market,0.7405656124625992,14.655793470634839,5.134206529365161
INV005916,C0133,2025-11-19,2026-01-01,10.91,mid_market,0.7729002211497903,8.432341412744211,2.477658587255788
INV005946,C0134,2025-11-20,2025-12-23,7.31,smb,0.6141053477558294,4.489110092095112,2.820889907904887
INV005981,C0135,2025-10-08,2025-11-17,53.22,mid_market,0.7815710411368955,41.59521080930558,11.624789190694424
INV005982,C0135,2025-11-21,2026-01-07,8.45,mid_market,0.6013103521818681,5.081072475936785,3.368927524063214
INV005987,C0135,2025-12-13,2026-01-28,16.91,mid_market,0.6839771090572009,11.566052914157266,5.343947085842733
INV005985,C0135,2025-12-22,2026-02-09,14.01,mid_market,0.6152168996055699,8.619188763474034,5.390811236525965
INV005986,C0135,2025-12-25,2026-02-09,8.1,mid_market,0.6261225520478908,5.071592671587915,3.0284073284120843
INV005984,C0135,2025-12-27,2026-02-13,30.06,mid_market,0.6385729835303808,19.195503884923248,10.864496115076753
INV006006,C0136,2025-12-22,2026-01-19,3.4,smb,0.7797797699255691,2.651251217746935,0.7487487822530651
INV006054,C0137,2025-12-09,2026-01-27,7.48,mid_market,0.7552587752044791,5.649335638529505,1.830664361470496
INV006055,C0137,2025-12-11,2026-01-23,6.55,mid_market,0.7702528056061453,5.045155876720251,1.5048441232797483
INV006106,C0138,2025-11-11,2025-12-26,74.42,mid_market,0.8354951255898984,62.17754724640024,12.242452753599764
INV006107,C0138,2025-11-20,2026-01-09,13.17,mid_market,0.7520559147505212,9.904576397264364,3.265423602735635
INV006108,C0138,2025-11-21,2026-01-09,35.05,mid_market,0.779670973028669,27.327467604654846,7.722532395345153
INV006152,C0140,2025-12-13,2026-01-16,7.7,smb,0.7273304814496964,5.600444707162662,2.099555292837338
INV006175,C0141,2025-10-27,2025-11-21,2.65,smb,0.7832633785961861,2.0756479532798933,0.5743520467201068
INV006176,C0141,2025-10-27,2025-11-29,7.15,smb,0.6202774365985547,4.4349836716796665,2.715016328320334
INV006178,C0141,2025-11-05,2025-12-05,9.07,smb,0.8449276727071032,7.663493991453427,1.4065060085465737
INV006227,C0142,2025-12-01,2026-01-11,28.74,mid_market,0.838281289719491,24.09220426653817,4.6477957334618285
INV006228,C0142,2025-12-16,2026-01-28,17.85,mid_market,0.824190852804774,14.711806722565218,3.1381932774347843
INV006260,C0143,2025-12-07,2026-01-02,11.23,smb,0.8475396999615237,9.517870830567912,1.7121291694320893
INV006259,C0143,2025-12-24,2026-01-20,1.24,smb,0.824727859452586,1.0226625457212066,0.2173374542787934
INV006298,C0144,2025-11-13,2025-12-25,71.06,mid_market,0.8342868501960585,59.28442357493192,11.775576425068081
INV006299,C0144,2025-11-15,2026-01-02,19.12,mid_market,0.7029731889116899,13.440847371991511,5.679152628008489
INV006300,C0144,2025-12-09,2026-01-20,50.97,mid_market,0.8334467191989514,42.480779277570555,8.489220722429446
INV006327,C0145,2025-11-24,2025-12-22,4.47,smb,0.7390527095591558,3.303565611729426,1.1664343882705734
INV006328,C0145,2025-12-14,2026-01-11,3.91,smb,0.7718796436131962,3.018049406527597,0.891950593472403
INV006399,C0146,2025-11-16,2026-01-15,76.0,enterprise,0.7674411163850164,58.32552484526125,17.67447515473875
INV006398,C0146,2025-11-19,2026-01-16,72.78,enterprise,0.7714351485848449,56.14505011400501,16.634949885994992
INV006400,C0146,2025-11-19,2026-01-22,29.61,enterprise,0.8049095623325443,23.833372140666636,5.776627859333363
INV006401,C0146,2025-12-18,2026-02-14,134.51,enterprise,0.8102480616173275,108.98646676814673,25.52353323185327
INV006402,C0146,2025-12-25,2026-02-26,27.8,enterprise,0.7790481437130047,21.65753839522153,6.14246160477847
INV006446,C0147,2025-11-26,2026-01-15,23.16,mid_market,0.7371625172409091,17.072683899299456,6.087316100700545
INV006447,C0147,2025-12-05,2026-01-16,22.89,mid_market,0.8146852368731955,18.648145072027447,4.241854927972555
INV006492,C0148,2025-10-11,2025-11-21,31.48,mid_market,0.7683601490946016,24.18797749349806,7.292022506501942
INV006495,C0148,2025-12-17,2026-01-30,22.58,mid_market,0.8114682372969106,18.32295279816424,4.257047201835757
INV006494,C0148,2025-12-27,2026-02-13,22.83,mid_market,0.7270161319401901,16.59777829219454,6.23222170780546
INV006519,C0149,2025-12-09,2026-01-11,8.26,smb,0.8271190981133969,6.832003750416658,1.4279962495833416
INV006553,C0150,2025-11-05,2025-12-18,29.73,mid_market,0.6423354337288274,19.09663244475804,10.633367555241962
INV006556,C0150,2025-11-11,2025-12-23,20.9,mid_market,0.6797180049493544,14.206106303441507,6.693893696558492
INV006554,C0150,2025-11-19,2026-01-08,11.24,mid_market,0.5281161211168447,5.936025201353335,5.303974798646665
INV006555,C0150,2025-11-26,2026-01-11,28.6,mid_market,0.4802924918758906,13.736365267650472,14.86363473234953
INV006557,C0150,2025-11-28,2026-01-11,11.2,mid_market,0.4961529222289357,5.55691272896408,5.6430872710359194
INV006559,C0150,2025-12-10,2026-01-25,26.32,mid_market,0.6668662090549659,17.551918622326703,8.7680813776733
INV006558,C0150,2025-12-23,2026-02-03,3.57,mid_market,0.558747553310456,1.9947287653183279,1.575271234681672
INV006581,C0151,2025-12-18,2026-01-13,8.7,smb,0.8351649997792168,7.265935498079186,1.434064501920814
INV006609,C0152,2025-12-06,2026-01-09,9.43,smb,0.5468743791765324,5.1570253956347,4.2729746043653
INV006633,C0153,2025-12-01,2025-12-29,3.79,smb,0.7653628804278978,2.900725316821733,0.8892746831782674
INV006632,C0153,2025-12-19,2026-01-15,4.03,smb,0.7952484869101492,3.2048514022479013,0.8251485977520989
INV006659,C0154,2025-12-11,2026-01-11,4.29,smb,0.8040615926647867,3.449424232531935,0.840575767468065
INV006660,C0154,2025-12-12,2026-01-08,3.02,smb,0.7585213898699938,2.2907345974073814,0.7292654025926186
INV006702,C0155,2025-12-14,2026-01-12,6.19,smb,0.8314896162287785,5.146920724456139,1.0430792755438612
INV006703,C0155,2025-12-21,2026-01-22,0.66,smb,0.6433682396347785,0.42462303815895386,0.2353769618410462
INV006732,C0156,2025-10-20,2025-12-08,11.84,mid_market,0.6365253550812368,7.536460204161843,4.303539795838157
INV006734,C0156,2025-11-07,2025-12-24,21.27,mid_market,0.7082170031008044,15.063775655954109,6.206224344045891
INV006733,C0156,2025-11-15,2026-01-03,12.48,mid_market,0.6351489016424201,7.926658292497403,4.5533417075025975
INV006735,C0156,2025-11-15,2026-01-04,39.51,mid_market,0.6187810397364084,24.448038879985496,15.061961120014503
INV006737,C0156,2025-11-20,2025-12-30,8.2,mid_market,0.61299243603082,5.026537975452723,3.173462024547276
INV006736,C0156,2025-11-22,2026-01-02,36.26,mid_market,0.7648364230597787,27.732968700147573,8.527031299852423
INV006740,C0156,2025-12-07,2026-01-22,23.58,mid_market,0.7316761781294463,17.252924280292344,6.327075719707656
INV006739,C0156,2025-12-20,2026-02-07,12.32,mid_market,0.6369452442529491,7.847165409196332,4.472834590803668
INV006741,C0156,2025-12-26,2026-02-10,41.36,mid_market,0.6331566332094174,26.187358349541505,15.172641650458496
INV006778,C0157,2025-11-24,2026-01-03,9.12,mid_market,0.786964919199167,7.177120063096402,1.9428799369035967
INV006779,C0157,2025-12-19,2026-02-01,72.36,mid_market,0.8285775574788108,59.95587205916675,12.404127940833252
INV006829,C0158,2025-09-20,2025-11-01,17.97,mid_market,0.828483717384111,14.887852401392474,3.0821475986075257
INV006830,C0158,2025-10-04,2025-11-17,6.77,mid_market,0.7883644553563123,5.337227362762234,1.4327726372377658
INV006831,C0158,2025-11-22,2026-01-02,5.88,mid_market,0.8056733631535081,4.737359375342628,1.1426406246573722
INV006833,C0158,2025-11-26,2026-01-07,39.56,mid_market,0.8141786358243277,32.208906833210406,7.351093166789597
INV006835,C0158,2025-12-24,2026-02-09,73.25,mid_market,0.833777582247977,61.074207899664316,12.17579210033568
INV006906,C0159,2025-11-09,2026-01-05,45.64,enterprise,0.8514518297720335,38.86026151079561,6.779738489204392
INV006910,C0159,2025-12-03,2026-01-31,32.9,enterprise,0.8273490082009817,27.219782369812297,5.680217630187703
INV006907,C0159,2025-12-04,2026-01-31,35.26,enterprise,0.8081157380897322,28.494160925043957,6.76583907495604
INV006909,C0159,2025-12-11,2026-02-11,40.2,enterprise,0.8251918385970195,33.17271191160019,7.027288088399817
INV006908,C0159,2025-12-14,2026-02-12,79.42,enterprise,0.818167180943992,64.97883751057185,14.441162489428157
INV006911,C0159,2025-12-27,2026-02-25,50.16,enterprise,0.6849399228274098,34.35658652902287,15.803413470977125
INV006957,C0160,2025-10-06,2025-11-15,37.49,mid_market,0.8359191467154538,31.338608810362363,6.151391189637639
INV006958,C0160,2025-10-18,2025-11-30,24.69,mid_market,0.8367572447223419,20.659536372194623,4.0304636278053785
INV006960,C0160,2025-12-07,2026-01-26,48.14,mid_market,0.8383164248465256,40.35655269211174,7.783447307888259
INV006961,C0160,2025-12-12,2026-01-25,11.64,mid_market,0.8334402649296103,9.701244683780665,1.938755316219336
INV006986,C0161,2025-12-02,2025-12-31,5.49,smb,0.7208624768452767,3.957534997880569,1.5324650021194308
INV007016,C0162,2025-12-02,2026-01-01,10.64,smb,0.8461124867114616,9.002636858609952,1.6373631413900491
INV007018,C0162,2025-12-10,2026-01-10,2.09,smb,0.7698902813767942,1.6090706880774996,0.48092931192250016
INV007017,C0162,2025-12-26,2026-01-21,4.37,smb,0.8321960214799722,3.6366966138674783,0.7333033861325216
INV007083,C0163,2025-09-25,2025-11-22,11.1,enterprise,0.8650503213027524,9.602058566460551,1.4979414335394485
INV007086,C0163,2025-10-18,2025-12-22,48.53,enterprise,0.8413313380975144,40.829809837872375,7.700190162127628
INV007090,C0163,2025-11-03,2025-12-30,123.43,enterprise,0.874553654386596,107.94615756093755,15.483842439062451
INV007089,C0163,2025-11-28,2026-01-25,37.81,enterprise,0.8408768737269996,31.793554595617856,6.016445404382146
INV007092,C0163,2025-12-09,2026-02-03,55.72,enterprise,0.8577786820311133,47.79542816277363,7.924571837226367
INV007091,C0163,2025-12-25,2026-02-24,84.44,enterprise,0.8541775176875905,72.12674959354014,12.313250406459854
INV007116,C0164,2025-11-12,2025-12-16,3.75,smb,0.8514327786818545,3.1928729200569546,0.5571270799430456
INV007115,C0164,2025-11-22,2025-12-20,2.12,smb,0.8185951280665131,1.735421671501008,0.38457832849899215
INV007114,C0164,2025-11-26,2025-12-21,5.38,smb,0.8657741090233343,4.6578647065455385,0.7221352934544615
INV007152,C0165,2025-11-20,2026-01-03,12.96,mid_market,0.7803670591228541,10.11355708623219,2.8464429137678113
INV007153,C0165,2025-12-13,2026-01-31,11.69,mid_market,0.6462328302843595,7.554461786024162,4.135538213975837
INV007180,C0166,2025-11-21,2025-12-23,14.45,smb,0.7975152760418639,11.524095738804933,2.9259042611950665
INV007207,C0167,2025-11-12,2025-12-12,11.26,smb,0.8022917773955043,9.033805413473377,2.226194586526622
INV007208,C0167,2025-12-13,2026-01-15,15.08,smb,0.68727066852767,10.364041681397264,4.715958318602736
INV007209,C0167,2025-12-24,2026-01-19,22.04,smb,0.85922110767837,18.937233213231274,3.1027667867687247
INV007251,C0168,2025-11-01,2025-12-11,105.31,mid_market,0.8745080284583002,92.0944404769436,13.215559523056404
INV007254,C0168,2025-12-09,2026-01-23,17.49,mid_market,0.865833016157001,15.143419452585947,2.3465805474140518
INV007253,C0168,2025-12-11,2026-01-24,146.98,mid_market,0.8737925202645374,128.4300246284817,18.549975371518297
INV007252,C0168,2025-12-22,2026-02-03,7.3,mid_market,0.8499410889235656,6.204569949142028,1.0954300508579713
INV007274,C0169,2025-12-24,2026-01-18,1.9,smb,0.7520852348926589,1.4289619462960519,0.4710380537039481
INV007322,C0170,2025-10-15,2025-11-28,59.76,mid_market,0.8307078757745853,49.643102656289216,10.116897343710784
INV007326,C0170,2025-11-02,2025-12-19,58.93,mid_market,0.8223231751677147,48.459504712633425,10.470495287366573
INV007325,C0170,2025-11-08,2025-12-28,18.14,mid_market,0.7819804021999858,14.185124495907742,3.954875504092258
INV007443,C0173,2025-11-06,2026-01-04,13.77,enterprise,0.8044521342638505,11.077305888813221,2.692694111186778
INV007444,C0173,2025-11-14,2026-01-17,115.9,enterprise,0.805802265850731,93.39248261209973,22.50751738790028
INV007445,C0173,2025-11-16,2026-01-13,58.27,enterprise,0.8594150082424056,50.078112530284976,8.191887469715027
INV007446,C0173,2025-11-19,2026-01-17,119.56,enterprise,0.8211633229109837,98.17828688723722,21.38171311276279
INV007449,C0173,2025-12-07,2026-02-02,18.82,enterprise,0.8352818662101732,15.72000472207546,3.0999952779245405
INV007448,C0173,2025-12-23,2026-02-20,36.26,enterprise,0.8488556007883208,30.77950408458451,5.480495915415488
INV007450,C0173,2025-12-25,2026-02-22,21.51,enterprise,0.8143360929385994,17.516369359109277,3.9936306408907267
INV007447,C0173,2025-12-26,2026-02-25,27.88,enterprise,0.6985747264490291,19.47626337339893,8.40373662660107
INV007519,C0174,2025-10-28,2025-12-27,48.98,enterprise,0.7348487525665848,35.99289190071132,12.987108099288678
INV007520,C0174,2025-10-28,2026-01-01,105.04,enterprise,0.7650936849749546,80.36544066976923,24.674559330230775
INV007523,C0174,2025-11-06,2026-01-07,22.96,enterprise,0.829692007293974,19.049728487469643,3.910271512530358
INV007527,C0174,2025-11-09,2026-01-06,48.67,enterprise,0.8347894746315632,40.62920373031818,8.04079626968182
INV007526,C0174,2025-11-11,2026-01-06,94.65,enterprise,0.8580627641247862,81.21564062441102,13.434359375588986
INV007528,C0174,2025-11-11,2026-01-07,89.18,enterprise,0.8510367488373176,75.89545726131199,13.284542738688016
INV007525,C0174,2025-11-16,2026-01-20,91.28,enterprise,0.8262373276993921,75.41894327240051,15.861056727599493
INV007529,C0174,2025-11-21,2026-01-23,15.67,enterprise,0.8250859311118117,12.929096540522089,2.7409034594779103
INV007524,C0174,2025-11-26,2026-01-30,21.49,enterprise,0.8065809716289515,17.333425080306167,4.156574919693832
INV007531,C0174,2025-12-02,2026-02-05,26.16,enterprise,0.8585617833260845,22.45997625181037,3.7000237481896305
INV007532,C0174,2025-12-02,2026-01-26,20.59,enterprise,0.8282702289050795,17.054084013155588,3.535915986844413
INV007533,C0174,2025-12-07,2026-02-01,18.19,enterprise,0.8299826718175373,15.097384800361004,3.0926151996389972
INV007530,C0174,2025-12-20,2026-02-13,85.96,enterprise,0.8367034519844981,71.92302873258745,14.03697126741254
INV007574,C0175,2025-12-17,2026-02-03,15.13,mid_market,0.7373141955879134,11.155563779245131,3.97443622075487
INV007600,C0176,2025-10-13,2025-11-08,2.59,smb,0.8363883260678882,2.16624576451583,0.4237542354841697
INV007604,C0176,2025-12-13,2026-01-16,7.49,smb,0.7025212566409195,5.261884212240487,2.2281157877595135
INV007603,C0176,2025-12-19,2026-01-22,6.46,smb,0.6922385813159994,4.471861235301356,1.9881387646986441
INV007642,C0177,2025-11-14,2025-12-19,15.37,smb,0.7255173370204728,11.151201470004667,4.218798529995333
INV007643,C0177,2025-11-17,2025-12-13,6.65,smb,0.8425988260076565,5.603282192950916,1.0467178070490846
INV007641,C0177,2025-11-18,2025-12-15,29.79,smb,0.8432032825696701,25.119025787750473,4.670974212249527
INV007677,C0178,2025-12-24,2026-01-20,5.76,smb,0.8524749598713263,4.910255768858839,0.8497442311411607
INV007747,C0179,2025-09-27,2025-11-25,47.0,enterprise,0.8409017788826096,39.52238360748265,7.477616392517347
INV007750,C0179,2025-11-16,2026-01-17,120.1,enterprise,0.8272166311567579,99.34871740192662,20.751282598073374
INV007751,C0179,2025-11-20,2026-01-19,38.2,enterprise,0.8516437726777714,32.53279211629087,5.667207883709135
INV007752,C0179,2025-11-24,2026-01-23,83.85,enterprise,0.8705009596565662,72.99150546720307,10.858494532796927
INV007753,C0179,2025-12-01,2026-01-26,11.07,enterprise,0.8663318899191965,9.590294021405505,1.4797059785944946
INV007754,C0179,2025-12-12,2026-02-15,63.47,enterprise,0.8320956060902129,52.81310811854581,10.656891881454184
INV007756,C0179,2025-12-15,2026-02-15,18.05,enterprise,0.8559830952215564,15.450494868749093,2.599505131250908
INV007755,C0179,2025-12-16,2026-02-16,44.55,enterprise,0.8561258131331315,38.140404975081005,6.409595024918991
INV007777,C0180,2025-12-03,2026-01-05,5.58,smb,0.8079166758639859,4.508175051321041,1.0718249486789588
INV007778,C0180,2025-12-03,2025-12-29,6.93,smb,0.8429370250116888,5.841553583331003,1.0884464166689969
INV007812,C0181,2025-11-26,2025-12-23,5.93,smb,0.7520482551978367,4.459646153323171,1.4703538466768284
INV007813,C0181,2025-12-17,2026-01-21,4.89,smb,0.5228607576390871,2.556789104855136,2.333210895144864
INV007846,C0182,2025-11-10,2025-12-14,17.42,smb,0.7746340523571463,13.49412519206149,3.9258748079385115
INV007844,C0182,2025-11-14,2025-12-16,4.31,smb,0.8363113229918538,3.6045018020948896,0.7054981979051098
INV007845,C0182,2025-11-23,2025-12-25,6.5,smb,0.7969307973601797,5.180050182841168,1.319949817158832
INV007847,C0182,2025-12-24,2026-01-22,10.25,smb,0.8383069704806557,8.592646447426722,1.6573535525732788
INV007900,C0183,2025-12-09,2026-01-18,14.61,mid_market,0.8052969472796866,11.76538839975622,2.8446116002437787
INV007897,C0183,2025-12-11,2026-01-24,12.74,mid_market,0.7418045682110791,9.450590199009147,3.2894098009908523
INV007898,C0183,2025-12-12,2026-01-28,33.68,mid_market,0.743757199831983,25.049742490341185,8.630257509658813
INV007899,C0183,2025-12-19,2026-01-31,44.09,mid_market,0.778294305010422,34.314995907909505,9.775004092090496
INV007921,C0184,2025-12-24,2026-01-26,2.17,smb,0.5382953336282766,1.1681008739733603,1.0018991260266397
INV007987,C0185,2025-11-20,2026-01-19,20.49,enterprise,0.8270837454893348,16.946945945076468,3.543054054923529
INV007986,C0185,2025-11-21,2026-01-16,333.72,enterprise,0.8391484588549227,280.04062368906483,53.67937631093519
INV007988,C0185,2025-12-05,2026-02-02,26.33,enterprise,0.842474961441764,22.182365734761646,4.147634265238352
INV007989,C0185,2025-12-09,2026-02-09,26.54,enterprise,0.8584707019306361,22.78381242923908,3.756187570760917
INV007991,C0185,2025-12-17,2026-02-12,58.55,enterprise,0.8568433884874663,50.16818039594115,8.381819604058846
INV007990,C0185,2025-12-28,2026-02-21,48.89,enterprise,0.749171327891089,36.62698622059534,12.26301377940466
INV008053,C0186,2025-10-12,2025-12-16,13.76,enterprise,0.8490695830824494,11.683197463214503,2.0768025367854963
INV008055,C0186,2025-10-17,2025-12-16,74.19,enterprise,0.8489828042787981,62.98603424944403,11.203965750555966
INV008063,C0186,2025-11-02,2026-01-02,88.09,enterprise,0.8644786797096331,76.15192689562159,11.93807310437842
INV008057,C0186,2025-11-12,2026-01-07,43.84,enterprise,0.8637847472138722,37.86832331785616,5.971676682143842
INV008060,C0186,2025-11-15,2026-01-09,36.16,enterprise,0.8590289652559453,31.06248738365498,5.097512616345018
INV008062,C0186,2025-11-16,2026-01-17,23.34,enterprise,0.8637072014790713,20.158926082521525,3.1810739174784755
INV008058,C0186,2025-11-20,2026-01-19,70.6,enterprise,0.8483534480862062,59.89375343488615,10.706246565113844
INV008061,C0186,2025-11-20,2026-01-17,69.52,enterprise,0.8510887757681003,59.167691691398325,10.35230830860167
INV008059,C0186,2025-11-23,2026-01-19,17.71,enterprise,0.8469738911794287,14.999907612787682,2.710092387212318
INV008064,C0186,2025-12-13,2026-02-11,114.63,enterprise,0.8467626677594008,97.06440460526011,17.565595394739887
INV008065,C0186,2025-12-17,2026-02-13,22.71,enterprise,0.8629248988948764,19.597024453902645,3.112975546097356
INV008119,C0187,2025-10-23,2025-12-17,11.52,enterprise,0.8599624283417242,9.906767174496663,1.613232825503337
INV008118,C0187,2025-10-24,2025-12-21,17.9,enterprise,0.8579530514779986,15.357359621456174,2.5426403785438247
INV008121,C0187,2025-11-25,2026-01-28,16.84,enterprise,0.8352779355704304,14.066080435006048,2.7739195649939523
INV008174,C0188,2025-10-13,2025-11-26,41.18,mid_market,0.8497564816213143,34.992971913165725,6.1870280868342755
INV008177,C0188,2025-11-04,2025-12-15,14.33,mid_market,0.8461564811776364,12.12542237527553,2.20457762472447
INV008178,C0188,2025-11-11,2025-12-21,21.28,mid_market,0.8588021702342342,18.275310182584505,3.004689817415496
INV008179,C0188,2025-12-02,2026-01-17,36.36,mid_market,0.8506285877785351,30.928855451627538,5.431144548372463
INV008181,C0188,2025-12-17,2026-02-03,27.25,mid_market,0.8516113761588832,23.206410000329566,4.043589999670434
INV008180,C0188,2025-12-18,2026-02-04,34.2,mid_market,0.8408792523599682,28.758070430710916,5.441929569289089
INV008227,C0189,2025-10-05,2025-11-23,5.51,mid_market,0.6626852075990896,3.651395493870983,1.8586045061290164
INV008226,C0189,2025-10-18,2025-12-02,18.75,mid_market,0.814959335885503,15.28048754785318,3.4695124521468195
INV008225,C0189,2025-10-25,2025-12-05,21.94,mid_market,0.8291332675938955,18.19118389101007,3.7488161089899332
INV008232,C0189,2025-11-03,2025-12-23,23.83,mid_market,0.7987869898180284,19.035093967363615,4.794906032636383
INV008228,C0189,2025-11-04,2025-12-21,7.56,mid_market,0.6591873649175868,4.983456478776956,2.576543521223044
INV008230,C0189,2025-11-05,2025-12-15,13.15,mid_market,0.7716552250488298,10.147266209392113,3.0027337906078886
INV008229,C0189,2025-11-07,2025-12-23,8.99,mid_market,0.797022378914929,7.165231186445212,1.8247688135547884
INV008231,C0189,2025-11-20,2026-01-08,21.48,mid_market,0.8340203600784798,17.914757334485746,3.565242665514254
INV008233,C0189,2025-12-02,2026-01-18,103.6,mid_market,0.8721750537487137,90.35733556836674,13.242664431633257
INV008283,C0190,2025-08-17,2025-10-15,80.99,enterprise,0.8732939088062345,70.72807367421693,10.261926325783069
INV008285,C0190,2025-09-26,2025-11-21,31.47,enterprise,0.8742889773551611,27.513874117366917,3.9561258826330805
INV008288,C0190,2025-10-11,2025-12-10,17.72,enterprise,0.8547294810807728,15.145806404751294,2.574193595248705
INV008287,C0190,2025-10-14,2025-12-15,38.91,enterprise,0.8701153808223172,33.85618946779636,5.053810532203637
INV008286,C0190,2025-10-20,2025-12-24,39.38,enterprise,0.8621454279661851,33.95128695330837,5.428713046691631
INV008290,C0190,2025-11-11,2026-01-07,33.06,enterprise,0.87553958037342,28.945338527145264,4.114661472854737
INV008289,C0190,2025-11-17,2026-01-16,37.4,enterprise,0.8734955778039797,32.66873460986884,4.73126539013116
INV008292,C0190,2025-12-11,2026-02-06,77.77,enterprise,0.8744612922646022,68.00685469941811,9.763145300581884
INV008291,C0190,2025-12-16,2026-02-17,79.2,enterprise,0.8702036616559107,68.92013000314813,10.279869996851875
INV008317,C0191,2025-12-20,2026-01-22,8.76,smb,0.6958306360024548,6.095476371381504,2.6645236286184963
INV008318,C0191,2025-12-23,2026-01-19,5.14,smb,0.8352220183241278,4.293041174186016,0.8469588258139831
INV008386,C0192,2025-10-17,2025-12-13,33.68,enterprise,0.8628028493801858,29.05919996712466,4.620800032875342
INV008387,C0192,2025-11-12,2026-01-08,41.43,enterprise,0.8644935627712753,35.815968305613936,5.614031694386064
INV008390,C0192,2025-11-14,2026-01-18,50.37,enterprise,0.8313915202283446,41.87719087390172,8.492809126098281
INV008388,C0192,2025-11-24,2026-01-21,48.19,enterprise,0.8622734762454222,41.552958820266895,6.637041179733106
INV008389,C0192,2025-11-26,2026-01-26,22.33,enterprise,0.8030213447656257,17.93146662861642,4.398533371383578
INV008391,C0192,2025-12-03,2026-01-29,25.65,enterprise,0.8658158723545001,22.208177125892927,3.4418228741070727
INV008392,C0192,2025-12-04,2026-02-05,39.83,enterprise,0.8297616785873532,33.04940765813428,6.780592341865723
INV008393,C0192,2025-12-17,2026-02-14,22.23,enterprise,0.8633966114503485,19.193306672541247,3.0366933274587526
INV008394,C0192,2025-12-22,2026-02-16,39.01,enterprise,0.8540514771770072,33.31654812467505,5.693451875324947
INV008431,C0193,2025-11-14,2025-12-18,5.48,smb,0.6176469806387785,3.384705453900507,2.0952945460994936
INV008432,C0193,2025-12-10,2026-01-09,1.94,smb,0.7371367748090589,1.4300453431295743,0.5099546568704256
INV008492,C0194,2025-10-17,2025-12-12,31.63,enterprise,0.8680669802743836,27.456958586078752,4.173041413921248
INV008498,C0194,2025-11-05,2026-01-01,71.99,enterprise,0.8718851004941187,62.767008384571604,9.222991615428393
INV008497,C0194,2025-11-17,2026-01-17,33.09,enterprise,0.8666131445541296,28.676228953296153,4.413771046703851
INV008496,C0194,2025-11-19,2026-01-18,255.85,enterprise,0.8750070066298428,223.87054264624527,31.97945735375473
INV008501,C0194,2025-12-01,2026-01-27,77.58,enterprise,0.8771228483535635,68.04719057526945,9.532809424730546
INV008500,C0194,2025-12-16,2026-02-16,283.86,enterprise,0.8751883005408506,248.43095099152586,35.429049008474145
INV008499,C0194,2025-12-25,2026-02-18,29.6,enterprise,0.8760555325429873,25.931243763272427,3.6687562367275763
INV008527,C0195,2025-12-14,2026-01-12,8.86,smb,0.8450830638404385,7.4874359456262845,1.3725640543737145
INV008583,C0196,2025-09-21,2025-11-22,191.97,enterprise,0.8673807779444034,166.5110879419871,25.45891205801288
INV008586,C0196,2025-11-15,2026-01-16,80.15,enterprise,0.8707719855910909,69.79237464512595,10.357625354874063
INV008585,C0196,2025-11-17,2026-01-16,57.76,enterprise,0.8795711207179792,50.80402793267047,6.955972067329523
INV008587,C0196,2025-12-14,2026-02-17,70.02,enterprise,0.856468727298282,59.96994028542571,10.05005971457429
INV008588,C0196,2025-12-21,2026-02-16,32.05,enterprise,0.8710431780646244,27.91693385697121,4.133066143028788
INV008638,C0197,2025-11-20,2026-01-04,24.84,mid_market,0.7946036174313886,19.737953856995695,5.102046143004307
INV008640,C0197,2025-11-25,2026-01-13,5.04,mid_market,0.7920191424386125,3.991776477890607,1.048223522109393
INV008642,C0197,2025-12-02,2026-01-14,6.73,mid_market,0.7852450192477214,5.284698979537165,1.4453010204628352
INV008643,C0197,2025-12-09,2026-01-23,15.44,mid_market,0.8106608990406985,12.516604281188384,2.9233957188116153
INV008641,C0197,2025-12-25,2026-02-10,21.19,mid_market,0.7880243016338345,16.698234951620954,4.4917650483790466
INV008679,C0198,2025-10-09,2025-11-13,13.38,smb,0.726058526538292,9.714663085082346,3.665336914917654
INV008683,C0198,2025-12-10,2026-01-04,7.4,smb,0.8387153647750695,6.206493699335514,1.193506300664486
INV008682,C0198,2025-12-28,2026-01-24,2.73,smb,0.7401919928278996,2.0207241404201657,0.7092758595798341
INV008742,C0199,2025-09-22,2025-11-07,5.42,mid_market,0.8366903058922031,4.53486145793574,0.8851385420642595
INV008743,C0199,2025-10-19,2025-11-28,16.44,mid_market,0.8176658423628338,13.442426448444989,2.997573551555013
INV008745,C0199,2025-11-03,2025-12-14,65.19,mid_market,0.8160431762851521,53.197854662029066,11.992145337970934
INV008746,C0199,2025-11-25,2026-01-04,11.08,mid_market,0.803950938953618,8.907776403606087,2.1722235963939123
INV008747,C0199,2025-12-01,2026-01-19,26.29,mid_market,0.813614210289414,21.389917588508695,4.900082411491304
INV008748,C0199,2025-12-05,2026-01-24,6.29,mid_market,0.7556848311577454,4.753257587982219,1.5367424120177813
INV008749,C0199,2025-12-06,2026-01-18,17.71,mid_market,0.8002495236115759,14.172419063161009,3.5375809368389914
INV008783,C0200,2025-10-05,2025-10-31,10.53,smb,0.8611957315848604,9.068391053588579,1.46160894641142
INV008784,C0200,2025-11-15,2025-12-18,4.53,smb,0.8249821585212107,3.7371691781010847,0.7928308218989155
INV008785,C0200,2025-12-26,2026-01-25,16.53,smb,0.8452887225146605,13.972622583167338,2.5573774168326624
INV008812,C0201,2025-12-02,2026-01-06,3.93,smb,0.5855578543709153,2.3012423676776974,1.6287576323223028
INV008813,C0201,2025-12-14,2026-01-09,5.49,smb,0.7965821665162773,4.373236094174363,1.1167639058256376
INV008857,C0202,2025-12-03,2026-01-03,6.31,smb,0.8126217558576388,5.127643279461701,1.1823567205382988
INV008926,C0203,2025-10-21,2025-12-18,73.28,enterprise,0.8680768314645504,63.61267020972225,9.667329790277748
INV008930,C0203,2025-11-08,2026-01-09,54.89,enterprise,0.8472442502034218,46.505236893665824,8.38476310633418
INV008928,C0203,2025-11-20,2026-01-17,77.1,enterprise,0.8678187354987873,66.90882450695649,10.191175493043499
INV008933,C0203,2025-12-01,2026-02-03,36.31,enterprise,0.863680340907139,31.360233178338216,4.949766821661784
INV008934,C0203,2025-12-06,2026-02-05,45.74,enterprise,0.87027645041071,39.806444841785876,5.933555158214125
INV008932,C0203,2025-12-12,2026-02-08,53.57,enterprise,0.874692415565938,46.8572727018673,6.7127272981327
INV008931,C0203,2025-12-13,2026-02-11,79.96,enterprise,0.8412925421525829,67.26975167052052,12.690248329479473
INV009019,C0205,2025-10-11,2025-12-11,43.96,enterprise,0.8260679233515877,36.3139459105358,7.6460540894642035
INV009017,C0205,2025-10-14,2025-12-10,105.04,enterprise,0.845783227505959,88.84107021722595,16.198929782774066
INV009018,C0205,2025-10-28,2025-12-22,45.88,enterprise,0.7576174282763308,34.75948760931806,11.120512390681942
INV009021,C0205,2025-11-18,2026-01-18,57.07,enterprise,0.8249576114982137,47.08033088820306,9.989669111796946
INV009020,C0205,2025-11-19,2026-01-14,53.08,enterprise,0.8362107722447442,44.38606779075102,8.69393220924898
INV009022,C0205,2025-11-22,2026-01-21,23.19,enterprise,0.8380394613807011,19.43413510941846,3.7558648905815426
INV009023,C0205,2025-11-28,2026-01-24,42.47,enterprise,0.7458453960038007,31.676053968281416,10.793946031718583
INV009024,C0205,2025-12-06,2026-02-07,46.43,enterprise,0.8344355462370717,38.74284241178724,7.687157588212759
INV009026,C0205,2025-12-21,2026-02-24,42.87,enterprise,0.8423575803081446,36.11186946781015,6.758130532189842
INV009025,C0205,2025-12-28,2026-02-26,65.37,enterprise,0.7403964382217859,48.399715166558146,16.970284833441855
INV009050,C0206,2025-10-22,2025-11-21,6.83,smb,0.716629996608961,4.894582876839204,1.9354171231607964
INV009052,C0206,2025-11-02,2025-11-30,11.35,smb,0.7539890228507417,8.557775409355918,2.792224590644082
INV009051,C0206,2025-11-24,2025-12-20,12.13,smb,0.8293900156976557,10.060500890412564,2.0694991095874364
INV009088,C0207,2025-12-19,2026-01-23,8.5,smb,0.8252736657418865,7.014826158806035,1.4851738411939643
INV009089,C0207,2025-12-26,2026-01-23,2.56,smb,0.7541408489392173,1.9306005732843963,0.6293994267156038
INV009122,C0208,2025-12-10,2026-01-14,4.68,smb,0.7482036016461279,3.501592855703878,1.1784071442961215
INV009120,C0208,2025-12-15,2026-01-19,6.63,smb,0.6172579231145149,4.092420030249234,2.5375799697507664
INV009121,C0208,2025-12-24,2026-01-21,15.09,smb,0.7961159090415352,12.013389067436766,3.0766109325632343
INV009188,C0209,2025-10-24,2025-12-19,44.2,enterprise,0.8283078209068202,36.611205684081455,7.588794315918547
INV009195,C0209,2025-11-07,2026-01-02,9.53,enterprise,0.8109357940013338,7.72821811683271,1.8017818831672892
INV009196,C0209,2025-11-07,2026-01-08,10.8,enterprise,0.8121020029996425,8.77070163239614,2.029298367603861
INV009197,C0209,2025-12-05,2026-02-05,82.69,enterprise,0.8168483196447065,67.54518755142078,15.14481244857922
INV009198,C0209,2025-12-28,2026-02-23,84.22,enterprise,0.6733616350157426,56.71051690102585,27.509483098974155
INV009251,C0210,2025-09-26,2025-11-09,18.81,mid_market,0.8050158674519899,15.14234846677193,3.667651533228069
INV009257,C0210,2025-11-24,2026-01-03,10.43,mid_market,0.8397062665738311,8.758136360365057,1.6718636396349418
INV009258,C0210,2025-12-13,2026-01-25,4.31,mid_market,0.7952478621709793,3.4275182859569204,0.8824817140430791
INV009259,C0210,2025-12-25,2026-02-03,37.82,mid_market,0.8425708617318723,31.866029990699413,5.953970009300588
INV009292,C0211,2025-11-20,2026-01-05,14.65,mid_market,0.7433764925625801,10.890465616041798,3.7595343839582016
INV009293,C0211,2025-12-28,2026-02-13,9.96,mid_market,0.5607233008390085,5.584804076356525,4.375195923643476
INV009356,C0212,2025-11-05,2026-01-07,48.23,enterprise,0.8425434292784667,40.63586959410045,7.59413040589955
INV009355,C0212,2025-11-06,2026-01-04,25.91,enterprise,0.8612482324624553,22.314941703102217,3.595058296897783
INV009357,C0212,2025-11-19,2026-01-20,14.08,enterprise,0.8276048162625043,11.65267581297606,2.42732418702394
INV009354,C0212,2025-11-24,2026-01-21,53.98,enterprise,0.864715440389241,46.67733947221122,7.302660527788772
INV009360,C0212,2025-12-12,2026-02-05,44.24,enterprise,0.8658248587955548,38.304091753115344,5.935908246884655
INV009361,C0212,2025-12-14,2026-02-11,18.54,enterprise,0.8585028775026378,15.916643348898903,2.623356651101096
INV009358,C0212,2025-12-15,2026-02-09,74.68,enterprise,0.8766125234891666,65.46542325417097,9.214576745829037
INV009362,C0212,2025-12-21,2026-02-16,20.17,enterprise,0.8630225255854475,17.407164341058476,2.7628356589415253
INV009359,C0212,2025-12-27,2026-02-22,53.34,enterprise,0.8522860220902854,45.46093641829582,7.879063581704179
INV009392,C0213,2025-11-19,2025-12-14,7.05,smb,0.8725036517921269,6.151150745134494,0.8988492548655056
INV009463,C0215,2025-10-05,2025-11-15,26.97,mid_market,0.7995261452107914,21.56322013633504,5.406779863664957
INV009464,C0215,2025-11-20,2026-01-03,55.12,mid_market,0.8245291769011931,45.44804823079376,9.671951769206236
INV009466,C0215,2025-12-12,2026-01-22,33.33,mid_market,0.814734225017894,27.155091719846407,6.174908280153591
INV009465,C0215,2025-12-18,2026-02-01,9.7,mid_market,0.7966650903927985,7.727651376810146,1.9723486231898542
INV009498,C0216,2025-11-25,2025-12-26,4.92,smb,0.7994762765153957,3.9334232804557465,0.9865767195442534
INV009496,C0216,2025-11-27,2025-12-23,4.73,smb,0.8165370376971669,3.8622201883076,0.8677798116924006
INV009500,C0216,2025-12-27,2026-01-24,11.26,smb,0.8169653614728081,9.199029970183819,2.0609700298161813
INV009499,C0216,2025-12-28,2026-01-31,3.77,smb,0.7317178054343568,2.758576126487525,1.0114238735124748
INV009529,C0217,2025-11-11,2025-12-06,9.59,smb,0.8766571299578442,8.407141876295725,1.1828581237042743
INV009591,C0218,2025-10-03,2025-11-27,169.94,enterprise,0.8722653633731825,148.23277585163862,21.707224148361366
INV009592,C0218,2025-10-24,2025-12-23,62.72,enterprise,0.8432219154250752,52.88687853546072,9.833121464539284
INV009597,C0218,2025-11-01,2025-12-28,61.42,enterprise,0.8559011702213907,52.569449874997815,8.850550125002185
INV009598,C0218,2025-11-05,2026-01-02,22.4,enterprise,0.8561022778191413,19.176691023148763,3.2233089768512353
INV009596,C0218,2025-11-07,2026-01-01,53.71,enterprise,0.853733730267908,45.85403865268934,7.855961347310662
INV009594,C0218,2025-11-17,2026-01-15,21.32,enterprise,0.8667907130741268,18.479978002740385,2.8400219972596163
INV009595,C0218,2025-11-23,2026-01-24,24.81,enterprise,0.8645587667389946,21.449703002794454,3.3602969972055448
INV009599,C0218,2025-12-12,2026-02-10,23.91,enterprise,0.8645403265778752,20.671159208476997,3.238840791523005
INV009600,C0218,2025-12-19,2026-02-14,36.83,enterprise,0.8531823185303499,31.422704791472786,5.407295208527214
INV009616,C0219,2025-12-02,2025-12-31,2.12,smb,0.8315319855300034,1.7628478093236073,0.3571521906763928
INV009617,C0219,2025-12-18,2026-01-17,9.4,smb,0.8399463497496851,7.89549568764704,1.5045043123529604
INV009618,C0219,2025-12-24,2026-01-19,13.04,smb,0.8645509338565888,11.273744177489917,1.7662558225100824
INV009649,C0220,2025-10-18,2025-11-19,4.3,smb,0.6965300290454739,2.9950791248955375,1.304920875104462
INV009712,C0221,2025-10-24,2025-12-20,9.33,enterprise,0.738464660517868,6.889875282631708,2.440124717368292
INV009714,C0221,2025-11-01,2025-12-30,50.69,enterprise,0.7738935467015712,39.22866388230264,11.461336117697357
INV009713,C0221,2025-11-13,2026-01-13,43.79,enterprise,0.7567527024966747,33.13820084232938,10.651799157670615
INV009715,C0221,2025-11-21,2026-01-25,24.79,enterprise,0.7792705926041309,19.318117990656404,5.471882009343595
INV009717,C0221,2025-12-19,2026-02-12,16.09,enterprise,0.7320518478407223,11.778714231757222,4.3112857682427785
INV009716,C0221,2025-12-24,2026-02-26,33.77,enterprise,0.7908298073202176,26.70632259320375,7.063677406796253
INV009747,C0222,2025-11-19,2025-12-17,4.34,smb,0.7907220452265056,3.431733676283034,0.9082663237169658
INV009748,C0222,2025-12-25,2026-01-28,10.5,smb,0.6996538608143268,7.346365538550431,3.1536344614495686
INV009749,C0222,2025-12-25,2026-01-28,5.08,smb,0.5570821321560758,2.8299772313528653,2.250022768647135
INV009784,C0223,2025-12-08,2026-01-12,8.8,smb,0.685015342946865,6.028135017932412,2.771864982067589
INV009782,C0223,2025-12-16,2026-01-16,15.9,smb,0.713713681335751,11.348047533238441,4.55195246676156
INV009783,C0223,2025-12-21,2026-01-24,12.26,smb,0.6662030407045869,8.167649279038235,4.092350720961765
INV009812,C0224,2025-11-17,2025-12-21,4.52,smb,0.7600657562649131,3.435497218317407,1.0845027816825925
INV009813,C0224,2025-12-26,2026-01-24,4.76,smb,0.8014097837186342,3.814710570500699,0.945289429499301
INV009875,C0225,2025-07-24,2025-09-24,144.65,enterprise,0.8727306427817373,126.2404874783783,18.409512521621703
INV009878,C0225,2025-08-18,2025-10-12,20.35,enterprise,0.8758009167136888,17.82254865512357,2.5274513448764337
INV009885,C0225,2025-09-07,2025-11-03,37.78,enterprise,0.8709481945813311,32.90442279128269,4.875577208717311
INV009882,C0225,2025-09-27,2025-11-26,90.24,enterprise,0.8486288365769267,76.58026621270186,13.659733787298137
INV009887,C0225,2025-10-09,2025-12-05,10.18,enterprise,0.8715741591209367,8.872624939851136,1.307375060148864
INV009889,C0225,2025-10-11,2025-12-13,17.1,enterprise,0.8282492003254438,14.16306132556509,2.936938674434911
INV009888,C0225,2025-10-13,2025-12-10,111.97,enterprise,0.8750293920170498,97.97704102414906,13.992958975850938
INV009890,C0225,2025-10-23,2025-12-26,13.24,enterprise,0.8440135051676363,11.174738808419505,2.0652611915804955
INV009891,C0225,2025-11-04,2025-12-29,15.62,enterprise,0.8738328605609401,13.649269281961883,1.9707307180381153
INV009892,C0225,2025-12-18,2026-02-18,223.43,enterprise,0.8772564057880611,196.0053987452265,27.424601254773513
INV009894,C0225,2025-12-18,2026-02-12,75.31,enterprise,0.8810974701001942,66.35545047324563,8.954549526754372
INV009893,C0225,2025-12-21,2026-02-24,78.75,enterprise,0.8612242656703075,67.82141092153671,10.928589078463283
INV009923,C0226,2025-11-15,2025-12-18,28.16,smb,0.8503843701672308,23.94682386390922,4.213176136090781
INV009924,C0226,2025-12-19,2026-01-13,1.56,smb,0.8223592234502819,1.2828803885824398,0.27711961141756025
INV009959,C0227,2025-11-04,2025-12-09,2.44,smb,0.6787518902790087,1.6561546122807813,0.7838453877192186
INV009984,C0228,2025-11-02,2025-12-07,9.15,smb,0.742031384743499,6.789587170403015,2.3604128295969846
INV009986,C0228,2025-12-24,2026-01-21,13.38,smb,0.8358264886203984,11.183358417740932,2.196641582259069
INV010009,C0229,2025-12-12,2026-01-08,3.82,smb,0.7424427461802308,2.836131290408481,0.9838687095915184
INV010008,C0229,2025-12-19,2026-01-15,8.6,smb,0.8312164103144661,7.148461128704408,1.4515388712955912
INV010048,C0230,2025-10-18,2025-11-28,61.52,mid_market,0.8489374025902601,52.226629007352805,9.293370992647201
INV010050,C0230,2025-12-26,2026-02-07,31.65,mid_market,0.8113389283010353,25.678877080727766,5.971122919272234
INV010049,C0230,2025-12-27,2026-02-11,38.56,mid_market,0.7489290292318643,28.87870336718069,9.681296632819311
INV010075,C0231,2025-12-05,2025-12-31,11.57,smb,0.8551568775149442,9.894165072847905,1.6758349271520958
INV010128,C0233,2025-11-09,2025-12-07,6.01,smb,0.8329821078605069,5.006222468241646,1.0037775317583537
INV010187,C0234,2025-10-20,2025-12-21,77.47,enterprise,0.8636816171205073,66.90941487832569,10.5605851216743
INV010188,C0234,2025-10-24,2025-12-23,13.73,enterprise,0.8583037296641103,11.784510208288234,1.945489791711766
INV010190,C0234,2025-11-04,2026-01-06,16.62,enterprise,0.827664278633467,13.755780310888223,2.864219689111778
INV010189,C0234,2025-11-10,2026-01-08,46.25,enterprise,0.8602612765870642,39.78708404215172,6.462915957848281
INV010193,C0234,2025-12-02,2026-02-02,39.66,enterprise,0.8619159506942125,34.183586604532465,5.476413395467533
INV010192,C0234,2025-12-13,2026-02-16,53.25,enterprise,0.8395955913051605,44.70846523699979,8.541534763000204
INV010195,C0234,2025-12-17,2026-02-14,21.1,enterprise,0.8701138819008843,18.35940290810866,2.7405970918913405
INV010191,C0234,2025-12-19,2026-02-18,49.78,enterprise,0.8549437760887509,42.559101173698025,7.220898826301978
INV010197,C0234,2025-12-23,2026-02-22,33.68,enterprise,0.8593283763996009,28.942179717138558,4.737820282861441
INV010194,C0234,2025-12-25,2026-02-23,24.22,enterprise,0.8663221537419895,20.982322563630984,3.237677436369014
INV010196,C0234,2025-12-27,2026-02-24,97.75,enterprise,0.8071690788835965,78.90077746087155,18.849222539128448
INV010257,C0235,2025-10-14,2025-12-09,89.07,enterprise,0.8748726014914928,77.92490261484726,11.145097385152734
INV010256,C0235,2025-10-24,2025-12-21,121.77,enterprise,0.8670552742196755,105.58132074172988,16.18867925827011
INV010261,C0235,2025-12-21,2026-02-24,12.85,enterprise,0.8299527555116777,10.664892908325058,2.1851070916749418
INV010283,C0236,2025-11-08,2025-12-12,1.84,smb,0.6126964860349307,1.1273615343042724,0.7126384656957276
INV010282,C0236,2025-11-23,2025-12-24,9.13,smb,0.7254945517476207,6.623765257455777,2.5062347425442235
INV010284,C0236,2025-12-14,2026-01-17,14.49,smb,0.7163647837695921,10.38012571682139,4.10987428317861
INV010285,C0236,2025-12-26,2026-01-29,3.58,smb,0.5551005017734483,1.987259796348945,1.5927402036510552
INV010330,C0237,2025-10-28,2025-12-07,9.19,mid_market,0.587974795171075,5.403488367622179,3.7865116323778207
INV010332,C0237,2025-12-03,2026-01-14,16.49,mid_market,0.7434836994512806,12.260046203951616,4.229953796048383
INV010333,C0237,2025-12-20,2026-01-30,17.93,mid_market,0.7501204141266479,13.449659025290796,4.480340974709204
INV010364,C0238,2025-11-28,2025-12-29,15.73,smb,0.7372408379693827,11.59679838125839,4.1332016187416105
INV010392,C0239,2025-12-01,2025-12-29,4.21,smb,0.6868357905950124,2.8915786784050024,1.3184213215949976
INV010391,C0239,2025-12-06,2026-01-04,2.5,smb,0.6018172175487236,1.504543043871809,0.995456956128191
INV010393,C0239,2025-12-07,2026-01-09,6.97,smb,0.6400858912954014,4.461398662328947,2.508601337671052
INV010390,C0239,2025-12-19,2026-01-18,8.46,smb,0.741072858776515,6.269476385249317,2.1905236147506835
INV010431,C0240,2025-12-14,2026-01-24,35.27,mid_market,0.8155751393382027,28.76533516445841,6.5046648355415915
INV010473,C0241,2025-11-11,2025-12-25,21.23,mid_market,0.8107986135417052,17.213254565490402,4.016745434509598
INV010474,C0241,2025-11-20,2025-12-30,9.79,mid_market,0.7253539684901028,7.101215351518106,2.688784648481893
INV010476,C0241,2025-12-10,2026-01-22,13.92,mid_market,0.7878612925349188,10.96702919208607,2.952970807913931
INV010477,C0241,2025-12-17,2026-02-02,21.39,mid_market,0.7981697486062689,17.07285092268809,4.317149077311909
INV010475,C0241,2025-12-24,2026-02-10,15.58,mid_market,0.7568863350611614,11.792289100252896,3.787710899747105
INV010520,C0242,2025-11-19,2026-01-06,36.12,mid_market,0.7869403331209052,28.424284832327093,7.695715167672905
INV010555,C0243,2025-12-13,2026-01-08,2.06,smb,0.8111332208959043,1.670934435045563,0.38906556495443706
INV010621,C0244,2025-09-23,2025-11-27,71.16,enterprise,0.86216676430872,61.35178694820851,9.808213051791487
INV010626,C0244,2025-10-14,2025-12-14,104.77,enterprise,0.8511411196902199,89.17405510994433,15.595944890055662
INV010625,C0244,2025-10-16,2025-12-17,54.9,enterprise,0.8479587415248648,46.55293490971508,8.34706509028492
INV010627,C0244,2025-11-03,2026-01-06,76.53,enterprise,0.8671766880955307,66.36503193995097,10.164968060049034
INV010628,C0244,2025-11-15,2026-01-17,22.36,enterprise,0.8568463167816112,19.159083643236826,3.2009163567631744
INV010629,C0244,2025-12-05,2026-01-29,34.93,enterprise,0.8642312619164967,30.18759797874323,4.742402021256771
INV010631,C0244,2025-12-14,2026-02-08,64.68,enterprise,0.8757276931713083,56.64206719432023,8.037932805679782
INV010630,C0244,2025-12-24,2026-02-27,26.19,enterprise,0.8584708894307735,22.48335259419196,3.706647405808041
INV010673,C0245,2025-11-26,2026-01-13,5.13,mid_market,0.6355831337649575,3.2605414762142315,1.8694585237857682
INV010727,C0246,2025-10-20,2025-12-14,72.7,enterprise,0.871853149470936,63.38372396653705,9.316276033462957
INV010726,C0246,2025-10-23,2025-12-24,44.73,enterprise,0.8501309763043835,38.02635857009507,6.703641429904925
INV010724,C0246,2025-10-25,2025-12-24,47.66,enterprise,0.8500786081375081,40.51474646383363,7.145253536166362
INV010731,C0246,2025-11-03,2025-12-30,110.37,enterprise,0.8661921118473357,95.60162338459044,14.768376615409561
INV010730,C0246,2025-11-18,2026-01-16,14.65,enterprise,0.8460952512583153,12.39529543093432,2.2547045690656806
INV010728,C0246,2025-11-21,2026-01-19,22.02,enterprise,0.8654309596564194,19.056789731634353,2.9632102683656454
INV010729,C0246,2025-11-28,2026-01-27,35.84,enterprise,0.8411002607770686,30.14503334625014,5.694966653749863
INV010732,C0246,2025-12-01,2026-01-28,103.3,enterprise,0.8599595085250014,88.83381723063263,14.466182769367359
INV010758,C0247,2025-11-03,2025-12-07,7.62,smb,0.7546888374567486,5.750728941420425,1.8692710585795753
INV010759,C0247,2025-12-23,2026-01-24,5.14,smb,0.7381003662039277,3.7938358822881884,1.3461641177118115
INV010788,C0248,2025-11-22,2025-12-17,0.93,smb,0.742717051944092,0.6907268583080056,0.23927314169199446
INV010789,C0248,2025-11-25,2025-12-23,6.39,smb,0.7458232567811135,4.765810610831315,1.6241893891686847
INV010827,C0249,2025-10-26,2025-12-14,17.09,mid_market,0.6223678255732983,10.636266139047667,6.453733860952332
INV010830,C0249,2025-11-02,2025-12-17,42.97,mid_market,0.7815577981856425,33.58353858803706,9.38646141196294
INV010831,C0249,2025-12-26,2026-02-12,17.97,mid_market,0.7654097787615658,13.754413724345337,4.215586275654663
INV010832,C0249,2025-12-26,2026-02-05,34.19,mid_market,0.7249292002605009,24.785329356906523,9.404670643093473
INV010833,C0249,2025-12-27,2026-02-10,21.21,mid_market,0.7301027917159412,15.485480212295112,5.724519787704888
