invoice_id,invoice_date,amount_lakh,segment,actual_band,pred_band,actual_late,p_late,actual_dtp,pred_dtp,p_late_calibrated
INV000026,2025-07-21,11.13,smb,1,1,1,0.83,44.0,46.3,0.8279
INV000027,2025-08-25,2.88,smb,1,1,1,0.6302,38.0,42.9,0.7322
INV000028,2025-09-26,4.05,smb,1,1,1,0.5876,44.0,40.9,0.7079
INV000052,2025-08-02,3.61,smb,1,1,1,0.8201,52.0,49.6,0.8239
INV000054,2025-09-19,9.64,smb,1,2,1,0.9258,61.0,56.4,0.8632
INV000053,2025-09-24,1.2,smb,2,1,1,0.8633,66.0,43.9,0.8409
INV000087,2025-07-03,21.59,smb,2,1,1,0.8351,73.0,35.9,0.83
INV000086,2025-07-12,2.77,smb,1,1,1,0.6538,36.0,32.6,0.7451
INV000088,2025-07-21,2.45,smb,1,1,1,0.7871,39.0,30.9,0.81
INV000090,2025-10-18,3.22,smb,1,1,1,0.6424,49.0,33.3,0.7389
INV000089,2025-10-22,3.27,smb,1,1,1,0.7376,31.0,31.1,0.7875
INV000091,2025-11-04,9.47,smb,0,1,0,0.8536,21.0,36.7,0.8372
INV000131,2025-07-01,11.93,mid_market,1,0,1,0.4593,66.0,44.5,0.6277
INV000133,2025-07-04,10.87,mid_market,2,0,1,0.3874,87.0,44.5,0.5791
INV000135,2025-07-13,10.89,mid_market,0,0,0,0.4446,40.0,44.8,0.6179
INV000132,2025-07-15,4.73,mid_market,0,0,0,0.3114,40.0,40.8,0.526
INV000134,2025-07-18,10.22,mid_market,1,0,1,0.3917,70.0,44.3,0.582
INV000138,2025-08-10,9.02,mid_market,0,0,0,0.522,24.0,43.0,0.6681
INV000137,2025-08-24,13.84,mid_market,0,0,0,0.4399,36.0,44.3,0.6148
INV000136,2025-08-28,30.42,mid_market,1,0,1,0.208,77.0,38.5,0.453
INV000139,2025-09-22,41.29,mid_market,1,1,1,0.6091,45.0,51.8,0.7203
INV000140,2025-10-09,8.55,mid_market,1,0,1,0.5515,53.0,45.9,0.6864
INV000141,2025-10-18,17.93,mid_market,0,0,0,0.5541,45.0,44.1,0.6879
INV000142,2025-10-20,11.28,mid_market,0,0,0,0.5151,41.0,44.1,0.6638
INV000145,2025-11-06,32.21,mid_market,0,1,0,0.5866,41.0,52.6,0.7073
INV000143,2025-11-16,13.12,mid_market,0,1,0,0.5666,40.0,46.0,0.6955
INV000185,2025-07-21,24.27,mid_market,2,2,1,0.6198,97.0,60.1,0.7264
INV000187,2025-08-14,5.15,mid_market,3,1,1,0.6466,111.0,53.4,0.7412
INV000186,2025-08-16,26.01,mid_market,1,2,1,0.8102,59.0,65.7,0.8198
INV000188,2025-09-03,12.51,mid_market,1,2,1,0.7986,68.0,57.7,0.8149
INV000190,2025-09-06,9.3,mid_market,2,2,1,0.7109,89.0,58.0,0.7745
INV000189,2025-09-17,25.41,mid_market,2,2,1,0.8434,83.0,69.3,0.8333
INV000192,2025-10-14,40.6,mid_market,1,2,1,0.7578,67.0,57.1,0.7968
INV000193,2025-10-27,10.63,mid_market,1,1,1,0.7367,52.0,51.3,0.787
INV000223,2025-07-01,18.63,smb,1,1,1,0.621,59.0,43.8,0.7271
INV000224,2025-09-07,2.72,smb,1,1,1,0.8039,32.0,42.2,0.8171
INV000225,2025-09-16,3.99,smb,2,0,1,0.5048,67.0,41.0,0.6572
INV000227,2025-12-12,2.96,smb,0,1,0,0.8628,15.0,41.8,0.8407
INV000285,2025-07-14,203.96,enterprise,1,2,1,0.8456,74.0,87.6,0.8341
INV000284,2025-07-14,47.13,enterprise,1,2,1,0.8976,84.0,84.5,0.8535
INV000286,2025-07-24,47.46,enterprise,1,2,1,0.884,85.0,79.4,0.8486
INV000288,2025-08-12,29.1,enterprise,1,2,1,0.9201,65.0,83.5,0.8613
INV000287,2025-08-19,79.72,enterprise,0,2,0,0.879,58.0,85.8,0.8468
INV000289,2025-08-26,60.53,enterprise,1,2,1,0.8039,92.0,80.3,0.8172
INV000293,2025-09-05,20.23,enterprise,1,2,1,0.8308,92.0,78.4,0.8282
INV000290,2025-09-07,40.37,enterprise,1,2,1,0.9052,78.0,87.4,0.8561
INV000294,2025-09-12,91.19,enterprise,2,2,1,0.8368,104.0,82.2,0.8307
INV000292,2025-09-18,49.6,enterprise,1,2,1,0.9496,68.0,85.2,0.8709
INV000291,2025-09-28,170.85,enterprise,1,2,1,0.7244,70.0,87.7,0.7811
INV000296,2025-10-24,35.55,enterprise,0,2,0,0.944,60.0,88.2,0.8691
INV000295,2025-10-26,48.33,enterprise,1,1,1,0.8259,60.0,83.8,0.8263
INV000324,2025-09-17,2.3,smb,1,1,1,0.7982,49.0,38.8,0.8147
INV000326,2025-10-07,15.32,smb,1,0,1,0.61,52.0,42.7,0.7208
INV000325,2025-10-16,2.76,smb,0,1,0,0.607,30.0,36.3,0.7191
INV000327,2025-10-18,3.71,smb,2,0,1,0.4563,67.0,35.9,0.6257
INV000356,2025-08-09,3.4,smb,1,0,1,0.6064,35.0,36.1,0.7188
INV000357,2025-09-02,7.79,smb,1,1,1,0.5915,42.0,38.3,0.7102
INV000358,2025-10-28,4.08,smb,1,1,1,0.7497,42.0,34.5,0.7931
INV000394,2025-07-17,14.78,mid_market,2,0,1,0.4598,93.0,45.5,0.628
INV000393,2025-07-18,35.85,mid_market,3,1,1,0.7654,104.0,53.9,0.8003
INV000392,2025-07-20,9.7,mid_market,3,1,1,0.5823,106.0,50.3,0.7048
INV000395,2025-07-27,25.58,mid_market,1,0,1,0.6359,75.0,49.1,0.7353
INV000397,2025-08-06,108.47,mid_market,2,1,1,0.9436,86.0,60.3,0.869
INV000398,2025-08-13,7.63,mid_market,0,2,0,0.5671,46.0,51.4,0.6958
INV000399,2025-08-14,27.27,mid_market,0,2,0,0.7099,43.0,58.9,0.774
INV000396,2025-08-16,14.85,mid_market,0,2,0,0.599,23.0,50.9,0.7145
INV000402,2025-09-09,30.99,mid_market,1,2,1,0.8233,47.0,59.6,0.8252
INV000400,2025-09-12,8.21,mid_market,2,0,1,0.5847,81.0,50.5,0.7062
INV000405,2025-09-13,8.65,mid_market,1,0,1,0.5615,77.0,51.1,0.6924
INV000401,2025-09-14,21.34,mid_market,2,2,1,0.7635,80.0,56.1,0.7994
INV000403,2025-09-17,52.69,mid_market,2,2,1,0.786,98.0,62.8,0.8094
INV000404,2025-09-21,20.75,mid_market,2,2,1,0.8375,83.0,57.5,0.8309
INV000408,2025-11-03,24.36,mid_market,1,2,1,0.9143,43.0,58.8,0.8593
INV000442,2025-07-12,12.94,mid_market,1,0,1,0.4711,50.0,48.5,0.6355
INV000443,2025-07-14,40.24,mid_market,0,1,0,0.6725,36.0,53.4,0.755
INV000445,2025-08-03,4.13,mid_market,0,0,0,0.436,49.0,46.6,0.6122
INV000444,2025-08-16,18.76,mid_market,1,1,1,0.6053,61.0,48.2,0.7182
INV000447,2025-09-11,22.45,mid_market,1,1,1,0.5581,58.0,50.2,0.6904
INV000448,2025-09-19,15.18,mid_market,0,1,0,0.5268,21.0,49.1,0.6711
INV000446,2025-09-24,35.27,mid_market,1,2,1,0.6519,63.0,51.5,0.744
INV000449,2025-10-01,8.54,mid_market,0,0,0,0.5172,44.0,50.2,0.6651
INV000450,2025-10-21,17.77,mid_market,1,0,1,0.6023,54.0,49.3,0.7164
INV000488,2025-07-17,10.07,mid_market,1,1,1,0.5547,57.0,48.5,0.6883
INV000486,2025-07-24,12.93,mid_market,0,1,0,0.5453,38.0,48.0,0.6826
INV000487,2025-07-25,3.47,mid_market,1,0,1,0.4473,49.0,45.6,0.6198
INV000489,2025-08-16,21.48,mid_market,2,1,1,0.6069,85.0,52.8,0.7191
INV000490,2025-09-22,62.43,mid_market,2,1,1,0.7871,81.0,60.9,0.8099
INV000491,2025-10-05,18.64,mid_market,1,1,1,0.6681,62.0,51.7,0.7527
INV000492,2025-10-11,12.38,mid_market,0,1,0,0.5497,33.0,50.5,0.6853
INV000494,2025-11-02,14.06,mid_market,0,1,0,0.7002,34.0,48.7,0.7692
INV000527,2025-07-09,32.02,mid_market,0,2,0,0.5846,45.0,55.5,0.7062
INV000529,2025-08-02,17.1,mid_market,0,1,0,0.5501,45.0,49.8,0.6855
INV000528,2025-08-08,10.84,mid_market,2,0,1,0.588,95.0,47.8,0.7081
INV000531,2025-09-12,10.97,mid_market,1,2,1,0.6095,68.0,52.3,0.7205
INV000532,2025-09-15,11.55,mid_market,1,2,1,0.4838,68.0,52.6,0.6438
INV000530,2025-09-21,21.44,mid_market,2,2,1,0.7195,93.0,56.1,0.7787
INV000534,2025-10-13,30.22,mid_market,0,2,0,0.7468,39.0,57.9,0.7917
INV000533,2025-10-15,9.54,mid_market,1,2,1,0.5697,64.0,52.6,0.6974
INV000578,2025-07-04,22.4,mid_market,0,0,0,0.6952,43.0,55.1,0.7667
INV000579,2025-07-07,11.69,mid_market,1,0,1,0.4515,51.0,50.3,0.6225
INV000577,2025-07-23,8.56,mid_market,2,2,1,0.6329,82.0,55.0,0.7337
INV000581,2025-08-05,17.53,mid_market,2,2,1,0.717,96.0,54.4,0.7775
INV000580,2025-08-14,21.0,mid_market,1,2,1,0.7789,53.0,59.9,0.8063
INV000582,2025-09-01,20.55,mid_market,2,2,1,0.834,91.0,54.5,0.8295
INV000585,2025-09-02,20.31,mid_market,0,2,0,0.7665,41.0,54.9,0.8008
INV000584,2025-09-15,13.78,mid_market,2,2,1,0.7041,84.0,52.8,0.7711
INV000588,2025-10-02,34.6,mid_market,1,2,1,0.8006,62.0,54.9,0.8158
INV000587,2025-10-08,4.2,mid_market,0,1,0,0.5587,27.0,51.0,0.6907
INV000586,2025-10-21,30.53,mid_market,1,2,1,0.8731,61.0,58.0,0.8446
INV000589,2025-11-06,6.54,mid_market,0,1,0,0.7805,39.0,49.5,0.807
INV000590,2025-11-10,7.71,mid_market,0,1,0,0.796,41.0,50.2,0.8138
INV000631,2025-07-04,33.23,mid_market,0,2,0,0.6555,44.0,55.1,0.746
INV000632,2025-08-04,10.66,mid_market,0,0,0,0.6876,36.0,52.2,0.7628
INV000635,2025-08-11,40.6,mid_market,1,2,1,0.7086,60.0,50.4,0.7734
INV000633,2025-08-19,63.02,mid_market,1,2,1,0.7814,58.0,52.6,0.8074
INV000634,2025-08-27,13.91,mid_market,1,0,1,0.5193,44.0,42.7,0.6664
INV000636,2025-09-02,35.24,mid_market,1,2,1,0.7003,60.0,52.9,0.7692
INV000638,2025-09-05,9.25,mid_market,1,0,1,0.501,54.0,49.1,0.6548
INV000637,2025-09-16,14.84,mid_market,1,1,1,0.7123,73.0,49.5,0.7752
INV000639,2025-10-01,10.9,mid_market,1,2,1,0.7242,61.0,50.9,0.7811
INV000640,2025-10-11,5.84,mid_market,1,0,1,0.8065,52.0,43.5,0.8183
INV000643,2025-11-25,23.79,mid_market,0,1,0,0.886,32.0,49.1,0.8493
INV000673,2025-07-05,4.15,smb,0,2,0,0.5892,19.0,37.0,0.7089
INV000674,2025-07-17,12.59,smb,0,1,0,0.6207,21.0,36.6,0.7269
INV000675,2025-08-01,11.96,smb,1,1,1,0.7485,33.0,35.0,0.7926
INV000676,2025-08-02,1.42,smb,1,0,1,0.5658,30.0,31.9,0.695
INV000677,2025-09-09,5.7,smb,1,1,1,0.5574,56.0,37.3,0.69
INV000678,2025-09-13,3.54,smb,0,0,0,0.5503,23.0,31.1,0.6856
INV000681,2025-09-18,5.36,smb,2,0,1,0.5064,65.0,35.1,0.6583
INV000680,2025-09-26,7.35,smb,0,0,0,0.3013,29.0,31.7,0.5189
INV000679,2025-09-27,7.58,smb,0,0,0,0.2865,29.0,30.2,0.5084
INV000683,2025-10-02,8.93,smb,1,1,1,0.7871,51.0,33.8,0.81
INV000682,2025-10-22,4.97,smb,0,0,0,0.4885,23.0,34.9,0.6468
INV000685,2025-11-07,5.68,smb,0,0,0,0.5015,14.0,35.7,0.6552
INV000704,2025-07-14,3.41,smb,0,1,0,0.7197,33.0,45.9,0.7788
INV000705,2025-08-09,4.35,smb,2,1,1,0.7839,81.0,45.8,0.8086
INV000706,2025-08-24,5.02,smb,1,3,1,0.8845,48.0,48.6,0.8488
INV000707,2025-09-06,4.1,smb,0,1,0,0.7664,23.0,45.9,0.8008
INV000708,2025-10-20,17.33,smb,1,2,1,0.5907,60.0,52.7,0.7097
INV000709,2025-10-28,2.05,smb,0,1,0,0.8783,17.0,37.4,0.8465
INV000710,2025-11-24,5.08,smb,1,2,1,0.9362,31.0,52.4,0.8666
INV000720,2025-09-25,5.65,smb,1,0,1,0.3496,56.0,34.6,0.5528
INV000721,2025-11-10,2.08,smb,1,1,1,0.5371,50.0,32.9,0.6775
INV000749,2025-08-05,10.21,smb,2,2,1,0.7209,61.0,37.1,0.7794
INV000748,2025-08-24,4.38,smb,1,1,1,0.6909,32.0,35.4,0.7645
INV000751,2025-11-18,7.12,smb,0,1,0,0.8129,25.0,38.5,0.8209
INV000771,2025-07-15,4.36,smb,0,0,0,0.442,24.0,31.9,0.6162
INV000772,2025-08-25,6.46,smb,1,1,1,0.7072,38.0,34.7,0.7727
INV000773,2025-10-01,1.54,smb,1,2,1,0.5856,50.0,35.2,0.7067
INV000775,2025-12-02,8.66,smb,0,0,0,0.4984,28.0,38.6,0.6532
INV000819,2025-07-22,24.07,mid_market,3,1,1,0.7232,113.0,57.4,0.7805
INV000820,2025-08-15,12.73,mid_market,1,1,1,0.7044,67.0,50.9,0.7713
INV000822,2025-09-07,14.66,mid_market,1,1,1,0.7756,57.0,52.5,0.8049
INV000821,2025-09-09,22.57,mid_market,1,1,1,0.7969,63.0,50.5,0.8142
INV000823,2025-09-24,46.28,mid_market,2,2,1,0.8052,72.0,57.8,0.8177
INV000825,2025-10-19,23.55,mid_market,0,1,0,0.8385,33.0,55.6,0.8313
INV000877,2025-07-11,12.74,enterprise,1,0,1,0.5035,66.0,63.1,0.6564
INV000879,2025-07-17,30.06,enterprise,0,1,0,0.5719,52.0,74.1,0.6987
INV000878,2025-07-25,210.8,enterprise,1,2,1,0.6322,74.0,74.9,0.7333
INV000880,2025-07-27,42.51,enterprise,0,1,0,0.4231,58.0,73.8,0.6035
INV000884,2025-08-08,13.58,enterprise,1,0,1,0.4345,82.0,68.3,0.6111
INV000881,2025-08-13,15.35,enterprise,0,0,0,0.3825,53.0,69.3,0.5757
INV000882,2025-08-25,56.23,enterprise,0,1,0,0.7109,51.0,81.1,0.7745
INV000883,2025-08-25,26.67,enterprise,2,3,1,0.6312,103.0,77.9,0.7328
INV000888,2025-09-04,21.01,enterprise,1,2,1,0.5266,73.0,76.2,0.671
INV000885,2025-09-12,51.5,enterprise,0,2,0,0.6117,56.0,76.5,0.7218
INV000887,2025-09-12,20.13,enterprise,1,0,1,0.5249,82.0,74.0,0.67
INV000890,2025-09-13,135.11,enterprise,1,2,1,0.6772,72.0,79.7,0.7574
INV000889,2025-09-24,45.72,enterprise,0,2,0,0.6753,42.0,74.0,0.7564
INV000886,2025-09-25,91.85,enterprise,1,2,1,0.681,66.0,75.2,0.7594
INV000893,2025-10-12,31.97,enterprise,0,3,0,0.6584,50.0,77.8,0.7475
INV000891,2025-10-13,84.98,enterprise,0,2,0,0.6797,59.0,78.5,0.7587
INV000925,2025-07-18,2.65,smb,0,1,0,0.6382,17.0,31.7,0.7366
INV000926,2025-07-26,5.38,smb,0,0,0,0.4792,22.0,32.8,0.6408
INV000927,2025-08-02,5.94,smb,1,1,1,0.6726,37.0,33.5,0.7551
INV000928,2025-09-05,10.28,smb,2,0,1,0.5586,71.0,37.3,0.6907
INV000929,2025-09-27,15.13,smb,1,1,1,0.8263,29.0,32.4,0.8264
INV000930,2025-10-24,14.02,smb,1,1,1,0.6603,50.0,37.8,0.7486
INV000931,2025-11-13,3.89,smb,1,1,1,0.8013,40.0,35.2,0.8161
INV000933,2025-11-18,6.04,smb,0,1,0,0.803,19.0,35.0,0.8168
INV000984,2025-07-03,26.5,enterprise,3,2,1,0.8707,117.0,87.8,0.8437
INV000983,2025-07-07,65.51,enterprise,1,2,1,0.8874,71.0,94.1,0.8498
INV000985,2025-07-21,31.31,enterprise,1,3,1,0.9542,87.0,100.0,0.8724
INV000986,2025-07-25,35.21,enterprise,1,3,1,0.9266,77.0,96.5,0.8634
INV000990,2025-08-02,105.43,enterprise,1,3,1,0.8971,75.0,93.8,0.8533
INV000991,2025-08-07,78.0,enterprise,1,3,1,0.9388,65.0,95.3,0.8675
INV000987,2025-08-25,64.53,enterprise,2,3,1,0.95,103.0,99.2,0.8711
INV000988,2025-08-28,50.86,enterprise,1,2,1,0.891,82.0,89.5,0.8511
INV000989,2025-08-28,62.72,enterprise,1,2,1,0.9176,87.0,90.2,0.8604
INV000996,2025-10-07,134.29,enterprise,1,3,1,0.9612,65.0,107.6,0.8746
INV000992,2025-10-12,14.75,enterprise,1,2,1,0.8785,73.0,93.5,0.8466
INV000993,2025-10-13,92.75,enterprise,0,3,0,0.9515,59.0,99.3,0.8716
INV001053,2025-07-14,81.09,enterprise,2,2,1,0.8423,98.0,75.9,0.8328
INV001057,2025-08-01,55.82,enterprise,1,2,1,0.8016,88.0,79.8,0.8162
INV001055,2025-08-04,21.03,enterprise,1,1,1,0.9168,93.0,84.0,0.8602
INV001054,2025-08-07,85.29,enterprise,1,2,1,0.8529,62.0,78.0,0.8369
INV001058,2025-08-15,15.31,enterprise,1,1,1,0.9527,69.0,81.3,0.8719
INV001059,2025-08-19,31.46,enterprise,1,2,1,0.8954,92.0,85.8,0.8527
INV001056,2025-08-27,13.81,enterprise,2,2,1,0.815,103.0,81.2,0.8218
INV001061,2025-09-04,28.66,enterprise,1,2,1,0.9566,65.0,83.5,0.8731
INV001062,2025-09-11,9.94,enterprise,2,2,1,0.9522,104.0,84.1,0.8718
INV001064,2025-10-07,21.61,enterprise,1,2,1,0.9558,81.0,89.7,0.8729
INV001066,2025-11-03,14.42,enterprise,0,2,0,0.8644,58.0,80.4,0.8414
INV001109,2025-07-08,38.11,mid_market,1,1,1,0.6604,59.0,55.4,0.7486
INV001108,2025-07-12,33.23,mid_market,0,1,0,0.4634,31.0,53.3,0.6304
INV001107,2025-07-12,16.38,mid_market,1,0,1,0.5483,43.0,44.4,0.6844
INV001111,2025-08-01,16.62,mid_market,0,0,0,0.6409,45.0,45.9,0.7381
INV001110,2025-08-26,16.43,mid_market,1,0,1,0.4936,55.0,38.8,0.6501
INV001112,2025-09-02,25.69,mid_market,1,0,1,0.6489,48.0,52.9,0.7424
INV001114,2025-10-03,13.18,mid_market,0,0,0,0.5968,44.0,44.9,0.7133
INV001115,2025-10-13,22.49,mid_market,1,0,1,0.749,45.0,46.6,0.7928
INV001116,2025-10-20,18.39,mid_market,0,0,0,0.5905,42.0,45.0,0.7096
INV001117,2025-11-02,18.06,mid_market,0,1,0,0.7878,28.0,45.0,0.8103
INV001167,2025-07-03,13.19,mid_market,2,2,1,0.7423,100.0,59.4,0.7897
INV001166,2025-07-18,49.09,mid_market,0,2,0,0.6923,37.0,62.3,0.7652
INV001168,2025-07-22,26.64,mid_market,0,2,0,0.7244,46.0,61.1,0.7811
INV001169,2025-09-21,33.99,mid_market,0,2,0,0.8585,45.0,65.7,0.8391
INV001199,2025-07-09,1.24,smb,1,0,1,0.4108,35.0,30.9,0.5951
INV001200,2025-07-27,5.89,smb,2,0,1,0.5029,71.0,32.3,0.6561
INV001198,2025-07-28,5.73,smb,0,0,0,0.4136,25.0,31.4,0.597
INV001201,2025-08-25,5.53,smb,1,1,1,0.8185,28.0,36.3,0.8232
INV001202,2025-09-02,5.63,smb,1,0,1,0.4306,36.0,34.2,0.6086
INV001221,2025-07-19,8.9,smb,2,3,1,0.8616,61.0,47.5,0.8403
INV001220,2025-07-24,5.75,smb,1,1,1,0.7757,38.0,48.7,0.8049
INV001223,2025-08-20,6.63,smb,2,2,1,0.5391,72.0,50.0,0.6788
INV001222,2025-08-28,3.96,smb,1,1,1,0.7297,57.0,40.8,0.7837
INV001224,2025-09-25,15.85,smb,1,2,1,0.9467,59.0,54.5,0.87
INV001225,2025-10-05,11.72,smb,1,1,1,0.9657,53.0,52.1,0.876
INV001227,2025-10-13,11.46,smb,2,2,1,0.9169,60.0,52.9,0.8602
INV001226,2025-10-16,5.94,smb,2,2,1,0.8846,66.0,46.9,0.8488
INV001228,2025-11-19,2.07,smb,1,2,1,0.912,39.0,48.2,0.8585
INV001263,2025-07-05,9.7,mid_market,0,0,0,0.5179,32.0,52.0,0.6656
INV001264,2025-07-11,8.4,mid_market,1,0,1,0.5095,64.0,48.9,0.6602
INV001265,2025-08-21,28.56,mid_market,0,1,0,0.6974,31.0,55.6,0.7678
INV001266,2025-09-08,9.65,mid_market,0,0,0,0.5663,39.0,50.8,0.6953
INV001268,2025-09-14,15.09,mid_market,0,0,0,0.407,30.0,43.2,0.5925
INV001267,2025-09-21,14.41,mid_market,1,0,1,0.5819,50.0,43.8,0.7046
INV001271,2025-11-15,11.18,mid_market,0,0,0,0.4148,28.0,45.1,0.5979
INV001302,2025-08-05,16.71,mid_market,1,1,1,0.5578,65.0,50.6,0.6902
INV001304,2025-08-12,21.58,mid_market,0,0,0,0.5482,42.0,53.3,0.6843
INV001303,2025-08-24,7.0,mid_market,0,0,0,0.392,29.0,43.8,0.5823
INV001305,2025-09-09,26.71,mid_market,2,2,1,0.6203,95.0,56.1,0.7267
INV001306,2025-09-18,69.06,mid_market,2,2,1,0.7024,77.0,58.0,0.7703
INV001360,2025-09-02,29.75,mid_market,2,1,1,0.6531,78.0,57.2,0.7447
INV001361,2025-09-09,32.31,mid_market,0,1,0,0.5792,34.0,53.3,0.703
INV001363,2025-09-28,16.33,mid_market,1,1,1,0.3713,51.0,34.7,0.5679
INV001368,2025-10-04,11.01,mid_market,1,1,1,0.5781,53.0,44.9,0.7023
INV001364,2025-10-26,14.68,mid_market,0,1,0,0.3971,30.0,35.6,0.5858
INV001366,2025-10-26,55.15,mid_market,1,1,1,0.3679,49.0,44.3,0.5656
INV001367,2025-10-27,20.91,mid_market,1,1,1,0.4509,48.0,36.3,0.6221
INV001369,2025-11-04,15.4,mid_market,1,1,1,0.6186,53.0,45.5,0.7257
INV001416,2025-07-08,19.13,enterprise,1,2,1,0.6793,62.0,67.7,0.7585
INV001417,2025-07-21,11.66,enterprise,1,1,1,0.6726,77.0,72.1,0.755
INV001419,2025-08-10,89.21,enterprise,0,2,0,0.361,60.0,70.8,0.5608
INV001418,2025-08-15,65.15,enterprise,2,2,1,0.8619,99.0,74.7,0.8404
INV001420,2025-08-19,27.98,enterprise,1,1,1,0.8539,68.0,75.8,0.8374
INV001423,2025-09-09,97.9,enterprise,1,2,1,0.8383,68.0,85.7,0.8312
INV001424,2025-09-10,31.4,enterprise,1,2,1,0.8492,83.0,81.0,0.8355
INV001422,2025-09-16,116.92,enterprise,2,2,1,0.8746,103.0,85.3,0.8452
INV001421,2025-09-24,69.36,enterprise,2,2,1,0.8767,94.0,82.7,0.8459
INV001429,2025-10-03,177.74,enterprise,1,2,1,0.8599,69.0,83.4,0.8396
INV001426,2025-10-12,71.99,enterprise,1,2,1,0.9263,69.0,86.6,0.8633
INV001486,2025-07-05,60.42,enterprise,1,2,1,0.8879,65.0,84.2,0.85
INV001485,2025-07-09,103.22,enterprise,2,2,1,0.8941,104.0,85.1,0.8522
INV001487,2025-08-11,103.57,enterprise,0,2,0,0.8782,55.0,87.3,0.8465
INV001489,2025-08-15,19.6,enterprise,0,2,0,0.8791,48.0,74.8,0.8468
INV001488,2025-08-24,62.66,enterprise,0,2,0,0.9159,54.0,86.6,0.8598
INV001491,2025-09-01,162.6,enterprise,1,2,1,0.872,74.0,88.8,0.8442
INV001493,2025-10-17,30.3,enterprise,1,2,1,0.8635,64.0,86.3,0.841
INV001522,2025-07-17,5.45,smb,0,0,0,0.5862,27.0,34.8,0.7071
INV001523,2025-07-28,4.25,smb,1,0,1,0.6025,34.0,29.0,0.7166
INV001524,2025-08-25,4.01,smb,1,0,1,0.6216,55.0,35.1,0.7274
INV001526,2025-09-01,11.46,smb,0,0,0,0.6167,10.0,34.7,0.7247
INV001527,2025-09-20,7.14,smb,0,0,0,0.6326,28.0,34.5,0.7335
INV001525,2025-09-28,8.28,smb,0,1,0,0.6449,25.0,30.4,0.7403
INV001528,2025-11-02,9.06,smb,0,0,0,0.6611,20.0,35.7,0.749
INV001567,2025-07-04,15.28,mid_market,1,2,1,0.6856,57.0,54.4,0.7618
INV001568,2025-07-10,32.12,mid_market,2,2,1,0.5885,82.0,59.9,0.7084
INV001565,2025-07-11,8.14,mid_market,2,2,1,0.6865,93.0,56.2,0.7622
INV001566,2025-07-25,78.75,mid_market,3,2,1,0.926,103.0,64.9,0.8632
INV001569,2025-08-16,12.16,mid_market,2,2,1,0.7957,87.0,57.7,0.8136
INV001570,2025-08-16,11.66,mid_market,3,2,1,0.666,116.0,57.6,0.7516
INV001571,2025-09-27,17.4,mid_market,1,2,1,0.7237,58.0,58.1,0.7808
INV001573,2025-10-21,11.59,mid_market,1,1,1,0.7232,59.0,56.7,0.7805
INV001606,2025-07-24,13.07,mid_market,2,2,1,0.6736,72.0,61.0,0.7556
INV001607,2025-08-03,6.89,mid_market,1,1,1,0.8074,63.0,60.6,0.8186
INV001608,2025-09-20,15.83,mid_market,1,2,1,0.666,73.0,64.8,0.7516
INV001611,2025-10-04,11.48,mid_market,1,2,1,0.6513,66.0,58.8,0.7437
INV001612,2025-10-09,74.52,mid_market,1,2,1,0.8859,64.0,65.3,0.8493
INV001610,2025-10-19,10.7,mid_market,1,1,1,0.7431,56.0,59.7,0.79
INV001673,2025-07-17,37.34,enterprise,2,2,1,0.959,107.0,97.3,0.8739
INV001672,2025-07-18,208.48,enterprise,1,2,1,0.9811,73.0,102.9,0.8806
INV001671,2025-07-25,21.94,enterprise,2,2,1,0.9513,113.0,93.9,0.8715
INV001670,2025-07-27,23.36,enterprise,1,2,1,0.9481,82.0,82.3,0.8705
INV001675,2025-08-14,142.67,enterprise,3,2,1,0.9744,125.0,105.5,0.8786
INV001674,2025-08-20,46.37,enterprise,1,2,1,0.9695,73.0,97.9,0.8771
INV001677,2025-09-17,62.27,enterprise,1,2,1,0.9505,84.0,94.3,0.8712
INV001678,2025-09-19,40.11,enterprise,2,2,1,0.9594,98.0,99.4,0.874
INV001682,2025-10-21,57.66,enterprise,1,2,1,0.9794,63.0,97.9,0.8801
INV001717,2025-07-18,4.96,smb,0,1,0,0.7347,22.0,42.3,0.786
INV001718,2025-07-18,3.52,smb,2,1,1,0.6224,68.0,36.5,0.7279
INV001716,2025-07-24,19.4,smb,1,0,1,0.5199,48.0,43.2,0.6668
INV001719,2025-08-27,7.28,smb,2,1,1,0.8855,58.0,40.1,0.8492
INV001775,2025-07-02,177.12,enterprise,2,2,1,0.9535,98.0,87.1,0.8722
INV001777,2025-08-06,35.38,enterprise,1,2,1,0.9413,71.0,86.9,0.8683
INV001778,2025-08-13,59.74,enterprise,3,2,1,0.9791,121.0,84.2,0.88
INV001776,2025-08-16,43.41,enterprise,0,2,0,0.898,59.0,79.5,0.8536
INV001779,2025-09-07,29.87,enterprise,2,3,1,0.9374,112.0,87.0,0.867
INV001780,2025-09-13,21.76,enterprise,2,2,1,0.9414,86.0,85.8,0.8683
INV001783,2025-10-05,27.34,enterprise,1,2,1,0.9418,68.0,89.6,0.8684
INV001781,2025-10-14,25.13,enterprise,1,2,1,0.9665,71.0,87.4,0.8762
INV001839,2025-07-13,19.29,mid_market,2,1,1,0.8207,93.0,49.7,0.8241
INV001837,2025-07-22,13.33,mid_market,1,2,1,0.7003,69.0,51.1,0.7693
INV001838,2025-07-27,8.76,mid_market,0,1,0,0.5541,42.0,43.8,0.6879
INV001842,2025-08-18,19.83,mid_market,1,2,1,0.9011,77.0,52.7,0.8547
INV001841,2025-08-27,20.59,mid_market,1,2,1,0.7415,60.0,49.3,0.7893
INV001840,2025-08-28,114.87,mid_market,1,1,1,0.8807,70.0,53.3,0.8474
INV001843,2025-10-12,9.14,mid_market,1,1,1,0.8615,51.0,51.7,0.8402
INV001870,2025-07-01,1.87,smb,0,0,0,0.6245,24.0,31.3,0.729
INV001871,2025-07-05,10.74,smb,0,0,0,0.5923,31.0,35.4,0.7107
INV001872,2025-07-09,2.78,smb,1,1,1,0.5891,36.0,30.6,0.7088
INV001874,2025-08-05,14.31,smb,1,1,1,0.5699,48.0,36.6,0.6974
INV001873,2025-08-12,4.05,smb,1,1,1,0.6884,47.0,31.8,0.7632
INV001876,2025-09-02,8.79,smb,1,1,1,0.7332,34.0,33.4,0.7854
INV001875,2025-09-06,7.01,smb,1,0,1,0.4615,55.0,35.2,0.6292
INV001877,2025-09-25,32.03,smb,1,2,1,0.7958,40.0,36.2,0.8137
INV001878,2025-11-23,4.37,smb,1,0,1,0.5448,36.0,36.3,0.6823
INV001910,2025-07-05,7.64,mid_market,2,2,1,0.7394,86.0,57.6,0.7883
INV001911,2025-09-03,30.09,mid_market,1,2,1,0.6944,66.0,62.8,0.7663
INV001912,2025-09-19,40.01,mid_market,1,2,1,0.6569,58.0,58.6,0.7467
INV001913,2025-10-08,38.92,mid_market,2,2,1,0.5923,81.0,62.6,0.7107
INV001941,2025-07-21,24.97,smb,1,2,1,0.8068,38.0,42.1,0.8184
INV001942,2025-09-08,12.88,smb,1,1,1,0.9087,43.0,40.0,0.8574
INV001964,2025-08-16,7.54,smb,1,1,1,0.8688,52.0,43.1,0.843
INV001966,2025-08-16,3.79,smb,1,0,1,0.52,37.0,39.4,0.6669
INV001963,2025-08-21,5.2,smb,1,0,1,0.607,56.0,43.2,0.7191
INV001965,2025-08-22,1.51,smb,1,0,1,0.4435,49.0,42.2,0.6172
INV001968,2025-09-11,4.04,smb,1,0,1,0.5397,49.0,42.4,0.6791
INV001967,2025-09-14,3.46,smb,0,0,0,0.5086,33.0,39.9,0.6597
INV001990,2025-07-20,6.96,smb,2,1,1,0.6687,72.0,44.2,0.753
INV001991,2025-08-11,3.43,smb,1,1,1,0.7788,35.0,40.6,0.8063
INV001992,2025-09-14,4.69,smb,1,1,1,0.869,54.0,41.8,0.8431
INV001994,2025-09-14,3.39,smb,1,1,1,0.8763,36.0,38.8,0.8458
INV001993,2025-09-20,10.73,smb,1,1,1,0.5629,58.0,45.1,0.6932
INV001995,2025-10-15,1.43,smb,0,2,0,0.7246,26.0,40.7,0.7812
INV002055,2025-07-20,34.5,enterprise,1,1,1,0.6174,79.0,83.5,0.725
INV002056,2025-07-28,90.97,enterprise,0,2,0,0.4465,46.0,74.7,0.6192
INV002057,2025-08-20,49.52,enterprise,1,2,1,0.7045,86.0,72.9,0.7714
INV002059,2025-09-23,17.86,enterprise,1,2,1,0.548,74.0,70.7,0.6843
INV002060,2025-09-27,24.96,enterprise,0,2,0,0.4057,50.0,68.5,0.5916
INV002058,2025-09-28,59.57,enterprise,1,0,1,0.3602,64.0,73.1,0.5602
INV002099,2025-07-08,13.22,mid_market,1,0,1,0.651,65.0,51.0,0.7436
INV002098,2025-07-14,25.27,mid_market,1,1,1,0.5839,54.0,52.3,0.7058
INV002097,2025-07-24,121.42,mid_market,1,1,1,0.8578,64.0,60.7,0.8388
INV002100,2025-08-03,5.03,mid_market,1,1,1,0.5849,49.0,44.2,0.7063
INV002101,2025-08-16,16.34,mid_market,1,1,1,0.5502,74.0,49.5,0.6856
INV002102,2025-08-20,15.78,mid_market,0,2,0,0.6421,40.0,56.0,0.7388
INV002103,2025-08-28,19.68,mid_market,1,1,1,0.7173,64.0,45.1,0.7777
INV002106,2025-09-14,19.82,mid_market,1,1,1,0.6926,61.0,52.7,0.7654
INV002105,2025-09-17,18.43,mid_market,1,2,1,0.5959,78.0,55.5,0.7127
INV002104,2025-09-20,40.65,mid_market,1,2,1,0.7176,72.0,61.0,0.7778
INV002109,2025-10-04,30.41,mid_market,1,2,1,0.8172,48.0,62.5,0.8227
INV002107,2025-10-17,8.69,mid_market,1,2,1,0.6837,66.0,49.5,0.7608
INV002156,2025-07-18,15.67,mid_market,1,0,1,0.5774,62.0,51.2,0.7019
INV002157,2025-08-12,14.06,mid_market,1,1,1,0.6911,73.0,48.8,0.7646
INV002158,2025-09-06,15.16,mid_market,1,2,1,0.6509,69.0,50.5,0.7435
INV002160,2025-09-09,10.19,mid_market,1,1,1,0.5643,52.0,47.4,0.6941
INV002159,2025-09-16,12.91,mid_market,0,1,0,0.6922,49.0,47.8,0.7651
INV002162,2025-10-04,24.57,mid_market,1,2,1,0.7441,66.0,50.5,0.7905
INV002161,2025-10-07,29.1,mid_market,1,2,1,0.7864,55.0,51.0,0.8096
INV002186,2025-07-01,12.73,smb,1,1,1,0.5823,48.0,35.4,0.7048
INV002187,2025-07-16,20.99,smb,1,1,1,0.6066,47.0,34.2,0.7189
INV002188,2025-08-06,11.67,smb,0,0,0,0.5565,31.0,35.8,0.6894
INV002189,2025-08-08,6.17,smb,1,1,1,0.5638,46.0,32.9,0.6938
INV002190,2025-09-10,1.89,smb,1,2,1,0.6392,39.0,38.6,0.7372
INV002230,2025-07-03,33.56,mid_market,1,2,1,0.7057,70.0,62.1,0.7719
INV002231,2025-08-12,9.3,mid_market,3,1,1,0.6907,113.0,59.4,0.7644
INV002232,2025-08-14,12.23,mid_market,1,2,1,0.5913,66.0,58.8,0.7101
INV002234,2025-09-11,67.11,mid_market,1,2,1,0.7978,75.0,70.1,0.8145
INV002236,2025-09-20,4.92,mid_market,2,1,1,0.6893,87.0,53.1,0.7637
INV002235,2025-09-22,24.87,mid_market,1,2,1,0.7539,65.0,65.3,0.7951
INV002233,2025-09-28,16.97,mid_market,0,2,0,0.7065,36.0,58.9,0.7723
INV002239,2025-10-04,15.56,mid_market,1,2,1,0.6662,77.0,62.9,0.7517
INV002238,2025-10-24,41.22,mid_market,1,2,1,0.6345,68.0,66.2,0.7346
INV002264,2025-07-02,5.9,smb,2,2,1,0.6919,79.0,47.9,0.765
INV002265,2025-07-06,4.26,smb,1,2,1,0.8619,46.0,48.6,0.8404
INV002263,2025-07-20,7.71,smb,1,2,1,0.8596,58.0,48.8,0.8395
INV002266,2025-07-27,6.61,smb,2,1,1,0.5542,78.0,44.0,0.688
INV002268,2025-08-07,7.29,smb,2,2,1,0.8728,63.0,51.2,0.8445
INV002267,2025-08-22,5.03,smb,2,2,1,0.9282,67.0,54.0,0.864
INV002269,2025-09-27,5.91,smb,1,2,1,0.6124,58.0,47.3,0.7222
INV002342,2025-07-13,15.04,enterprise,1,2,1,0.8687,66.0,90.6,0.8429
INV002343,2025-07-22,47.34,enterprise,1,3,1,0.9662,83.0,100.7,0.8761
INV002345,2025-08-09,34.26,enterprise,1,3,1,0.9206,92.0,92.5,0.8614
INV002344,2025-08-11,72.22,enterprise,2,2,1,0.932,111.0,95.7,0.8653
INV002346,2025-09-02,40.18,enterprise,2,3,1,0.9649,90.0,101.0,0.8757
INV002390,2025-08-21,20.69,mid_market,2,2,1,0.8477,84.0,60.2,0.8349
INV002391,2025-09-07,22.04,mid_market,1,2,1,0.7904,56.0,58.8,0.8114
INV002424,2025-07-07,22.08,mid_market,2,2,1,0.677,79.0,56.8,0.7573
INV002425,2025-08-07,27.45,mid_market,2,2,1,0.7477,83.0,59.6,0.7922
INV002427,2025-09-05,26.36,mid_market,2,2,1,0.6738,87.0,60.4,0.7557
INV002426,2025-09-09,25.06,mid_market,2,2,1,0.7254,87.0,58.4,0.7816
INV002428,2025-09-09,9.49,mid_market,1,1,1,0.7971,62.0,59.2,0.8143
INV002429,2025-09-13,9.78,mid_market,1,2,1,0.7289,52.0,62.8,0.7833
INV002484,2025-07-03,39.21,enterprise,1,2,1,0.7719,75.0,77.9,0.8032
INV002489,2025-07-11,28.19,enterprise,1,2,1,0.7562,71.0,72.8,0.7961
INV002486,2025-07-13,54.79,enterprise,1,2,1,0.7503,68.0,75.4,0.7934
INV002487,2025-07-18,82.6,enterprise,2,2,1,0.8832,94.0,78.9,0.8483
INV002488,2025-07-19,21.47,enterprise,2,1,1,0.8292,90.0,78.2,0.8276
INV002485,2025-07-19,48.71,enterprise,2,2,1,0.8703,98.0,82.2,0.8436
INV002490,2025-08-20,96.28,enterprise,2,2,1,0.8934,101.0,85.7,0.852
INV002495,2025-09-08,39.71,enterprise,1,2,1,0.9213,68.0,86.7,0.8617
INV002492,2025-09-12,25.66,enterprise,1,2,1,0.8081,82.0,77.4,0.8189
INV002494,2025-09-17,50.74,enterprise,0,2,0,0.8643,60.0,81.3,0.8413
INV002493,2025-09-28,152.5,enterprise,0,2,0,0.5888,57.0,77.0,0.7086
INV002536,2025-07-21,5.62,smb,1,2,1,0.8879,47.0,51.2,0.85
INV002537,2025-09-06,2.51,smb,1,2,1,0.8015,46.0,45.9,0.8161
INV002538,2025-10-20,7.05,smb,1,2,1,0.931,40.0,49.7,0.8649
INV002571,2025-07-06,38.39,mid_market,1,0,1,0.5763,50.0,51.3,0.7012
INV002568,2025-07-19,14.38,mid_market,1,1,1,0.5055,69.0,43.3,0.6577
INV002570,2025-07-24,16.7,mid_market,0,0,0,0.4866,41.0,44.1,0.6456
INV002569,2025-07-26,11.3,mid_market,0,0,0,0.3994,44.0,37.1,0.5873
INV002574,2025-08-14,23.91,mid_market,1,0,1,0.499,70.0,43.0,0.6536
INV002572,2025-08-24,5.37,mid_market,1,0,1,0.4297,57.0,43.0,0.6079
INV002573,2025-08-28,27.78,mid_market,1,0,1,0.4699,56.0,39.8,0.6347
INV002576,2025-09-25,16.74,mid_market,0,1,0,0.5302,40.0,45.1,0.6733
INV002577,2025-10-08,27.2,mid_market,1,1,1,0.6565,58.0,52.8,0.7465
INV002578,2025-11-12,8.3,mid_market,0,0,0,0.4024,25.0,51.1,0.5894
INV002611,2025-07-18,4.71,smb,0,0,0,0.3143,27.0,31.5,0.528
INV002612,2025-09-20,4.31,smb,1,0,1,0.6012,38.0,32.9,0.7158
INV002613,2025-09-24,4.08,smb,0,1,0,0.8217,25.0,30.0,0.8245
INV002614,2025-10-03,14.27,smb,1,0,1,0.4889,37.0,32.9,0.6471
INV002637,2025-10-06,12.77,smb,2,2,1,0.7494,60.0,53.0,0.793
INV002638,2025-10-14,13.58,smb,1,2,1,0.909,38.0,51.8,0.8575
INV002663,2025-08-01,7.07,smb,0,1,0,0.6331,12.0,33.9,0.7338
INV002664,2025-11-09,6.37,smb,0,1,0,0.81,16.0,34.9,0.8197
INV002665,2025-12-01,4.2,smb,0,0,0,0.2765,21.0,31.5,0.5013
INV002687,2025-07-05,2.37,smb,1,0,1,0.5825,43.0,37.4,0.7049
INV002686,2025-07-10,2.5,smb,1,0,1,0.6944,40.0,37.7,0.7663
INV002688,2025-07-25,2.49,smb,0,2,0,0.7482,28.0,38.1,0.7924
INV002691,2025-08-15,7.09,smb,1,2,1,0.6697,45.0,44.5,0.7535
INV002690,2025-08-26,11.22,smb,1,0,1,0.6657,39.0,39.7,0.7514
INV002689,2025-08-27,13.94,smb,1,0,1,0.6294,36.0,39.7,0.7317
INV002692,2025-09-06,5.63,smb,1,0,1,0.6427,39.0,40.1,0.7391
INV002709,2025-07-05,3.24,smb,0,1,0,0.6003,21.0,33.7,0.7153
INV002710,2025-08-10,1.67,smb,1,0,1,0.6025,34.0,34.4,0.7166
INV002711,2025-09-13,6.56,smb,1,1,1,0.611,33.0,34.9,0.7214
INV002712,2025-09-15,1.74,smb,2,1,1,0.7443,60.0,31.2,0.7906
INV002716,2025-10-12,9.98,smb,1,0,1,0.4734,57.0,34.8,0.637
INV002715,2025-10-18,10.47,smb,1,1,1,0.7417,39.0,34.3,0.7894
INV002713,2025-10-21,22.19,smb,1,1,1,0.6528,55.0,37.0,0.7445
INV002714,2025-10-21,13.18,smb,1,0,1,0.4239,46.0,36.5,0.604
INV002718,2025-11-17,10.34,smb,1,1,1,0.7247,31.0,38.2,0.7813
INV002759,2025-07-14,31.18,enterprise,1,1,1,0.4878,80.0,66.0,0.6464
INV002762,2025-08-05,72.26,enterprise,1,2,1,0.709,72.0,69.1,0.7736
INV002761,2025-08-14,52.55,enterprise,1,2,1,0.6413,62.0,70.1,0.7383
INV002763,2025-08-21,79.23,enterprise,0,0,0,0.4911,60.0,66.5,0.6485
INV002760,2025-08-28,23.56,enterprise,0,0,0,0.335,55.0,57.7,0.5426
INV002764,2025-09-13,105.16,enterprise,2,2,1,0.5935,97.0,71.2,0.7113
INV002766,2025-09-15,67.38,enterprise,2,2,1,0.7206,104.0,69.9,0.7793
INV002765,2025-09-27,34.86,enterprise,0,0,0,0.3468,58.0,61.9,0.5508
INV002767,2025-09-28,55.77,enterprise,0,0,0,0.471,54.0,59.1,0.6354
INV002769,2025-10-08,42.36,enterprise,0,2,0,0.6321,40.0,69.5,0.7333
INV002768,2025-10-10,39.66,enterprise,1,1,1,0.6803,67.0,69.3,0.7591
INV002809,2025-07-13,20.36,mid_market,1,2,1,0.7353,53.0,61.6,0.7864
INV002810,2025-07-17,9.62,mid_market,1,2,1,0.8228,61.0,60.9,0.825
INV002808,2025-07-20,77.1,mid_market,1,2,1,0.9302,57.0,63.1,0.8646
INV002811,2025-07-25,10.2,mid_market,1,2,1,0.8264,56.0,60.5,0.8265
INV002812,2025-08-06,60.76,mid_market,1,2,1,0.912,78.0,68.5,0.8585
INV002813,2025-08-15,19.48,mid_market,3,2,1,0.9099,115.0,61.8,0.8578
INV002816,2025-11-05,20.38,mid_market,1,2,1,0.7803,54.0,62.1,0.807
INV002858,2025-07-02,43.63,mid_market,1,1,1,0.5693,58.0,59.4,0.6971
INV002856,2025-07-05,12.68,mid_market,2,0,1,0.6044,74.0,47.2,0.7176
INV002857,2025-07-20,16.7,mid_market,0,0,0,0.6801,38.0,48.0,0.759
INV002859,2025-07-25,12.1,mid_market,1,0,1,0.5621,64.0,47.7,0.6928
INV002860,2025-08-26,34.94,mid_market,1,0,1,0.6116,52.0,53.0,0.7217
INV002861,2025-09-28,9.18,mid_market,1,0,1,0.4201,66.0,41.9,0.6014
INV002863,2025-10-05,17.45,mid_market,1,0,1,0.5956,55.0,47.7,0.7126
INV002862,2025-10-14,7.42,mid_market,0,0,0,0.4094,41.0,42.6,0.5941
INV002865,2025-11-06,13.69,mid_market,0,0,0,0.5535,46.0,48.3,0.6876
INV002906,2025-07-14,13.16,mid_market,1,2,1,0.6683,42.0,53.9,0.7528
INV002907,2025-07-24,12.72,mid_market,1,0,1,0.4784,58.0,50.3,0.6402
INV002908,2025-07-26,25.33,mid_market,1,1,1,0.7112,53.0,50.2,0.7747
INV002909,2025-08-03,12.78,mid_market,2,0,1,0.5911,78.0,51.0,0.7099
INV002910,2025-08-07,43.18,mid_market,1,2,1,0.668,53.0,58.1,0.7526
INV002912,2025-09-04,41.46,mid_market,1,2,1,0.753,60.0,64.3,0.7946
INV002913,2025-09-07,13.55,mid_market,0,2,0,0.5748,45.0,52.8,0.7004
INV002911,2025-09-20,12.29,mid_market,1,2,1,0.6953,52.0,53.4,0.7667
INV002915,2025-10-04,73.21,mid_market,0,2,0,0.7168,50.0,63.6,0.7774
INV002916,2025-10-07,7.59,mid_market,0,0,0,0.5412,25.0,49.3,0.6801
INV002969,2025-07-09,50.39,enterprise,3,2,1,0.9466,136.0,96.1,0.87
INV002970,2025-08-16,19.9,enterprise,3,2,1,0.8998,124.0,81.6,0.8543
INV002971,2025-08-20,57.36,enterprise,2,2,1,0.9364,109.0,97.3,0.8667
INV002972,2025-09-10,145.87,enterprise,2,2,1,0.9411,96.0,97.4,0.8682
INV002973,2025-09-12,26.85,enterprise,1,2,1,0.9643,78.0,96.1,0.8756
INV002974,2025-10-02,114.21,enterprise,1,3,1,0.8995,64.0,93.4,0.8541
INV002977,2025-10-04,46.08,enterprise,1,3,1,0.9361,81.0,96.0,0.8666
INV003006,2025-07-18,11.87,smb,1,1,1,0.6557,43.0,38.5,0.7461
INV003007,2025-07-19,5.01,smb,1,0,1,0.4943,49.0,35.5,0.6505
INV003009,2025-08-03,37.5,smb,1,0,1,0.6724,37.0,39.8,0.7549
INV003010,2025-08-07,3.02,smb,1,1,1,0.7357,47.0,34.0,0.7866
INV003008,2025-08-23,2.89,smb,1,0,1,0.5274,63.0,37.4,0.6715
INV003011,2025-09-11,10.26,smb,1,2,1,0.6038,41.0,39.8,0.7173
INV003050,2025-08-02,14.61,mid_market,0,2,0,0.5613,37.0,43.1,0.6923
INV003049,2025-08-03,5.98,mid_market,1,0,1,0.5318,64.0,42.4,0.6743
INV003048,2025-08-17,3.4,mid_market,1,0,1,0.4983,58.0,41.2,0.6531
INV003047,2025-08-24,16.6,mid_market,1,0,1,0.5187,54.0,42.4,0.666
INV003051,2025-09-14,6.29,mid_market,0,0,0,0.3899,31.0,41.9,0.5808
INV003052,2025-09-19,31.55,mid_market,2,0,1,0.52,81.0,50.6,0.6669
INV003054,2025-10-11,46.12,mid_market,1,1,1,0.6942,67.0,53.1,0.7662
INV003055,2025-10-20,16.41,mid_market,1,0,1,0.6193,53.0,44.5,0.7261
INV003053,2025-10-21,36.21,mid_market,1,1,1,0.6997,61.0,53.0,0.769
INV003057,2025-11-05,36.9,mid_market,0,0,0,0.4454,48.0,53.4,0.6185
INV003084,2025-08-18,9.31,smb,0,2,0,0.7563,17.0,37.1,0.7961
INV003128,2025-07-01,5.11,mid_market,0,0,0,0.5498,38.0,45.5,0.6853
INV003129,2025-07-01,15.25,mid_market,1,1,1,0.622,67.0,46.3,0.7276
INV003130,2025-07-05,12.38,mid_market,1,0,1,0.6083,55.0,47.6,0.7199
INV003131,2025-07-06,41.81,mid_market,1,1,1,0.7326,52.0,54.3,0.7851
INV003132,2025-08-02,23.15,mid_market,0,1,0,0.8044,20.0,51.6,0.8174
INV003137,2025-09-01,40.84,mid_market,2,2,1,0.7578,99.0,59.4,0.7968
INV003134,2025-09-04,11.17,mid_market,0,1,0,0.7027,20.0,47.9,0.7704
INV003133,2025-09-06,32.88,mid_market,1,1,1,0.7248,63.0,53.0,0.7813
INV003135,2025-09-11,19.63,mid_market,1,1,1,0.7506,55.0,46.7,0.7935
INV003136,2025-09-28,33.97,mid_market,1,1,1,0.4879,57.0,50.0,0.6464
INV003139,2025-10-01,24.51,mid_market,0,2,0,0.8096,32.0,48.6,0.8196
INV003140,2025-10-02,20.15,mid_market,2,2,1,0.7395,89.0,45.9,0.7883
INV003142,2025-10-02,58.66,mid_market,2,2,1,0.8167,74.0,51.0,0.8225
INV003143,2025-10-03,8.11,mid_market,1,1,1,0.7083,49.0,46.8,0.7733
INV003138,2025-10-04,20.65,mid_market,1,2,1,0.7516,60.0,49.1,0.794
INV003141,2025-10-08,25.16,mid_market,0,2,0,0.7588,32.0,49.2,0.7973
INV003175,2025-09-13,6.76,smb,1,1,1,0.7842,44.0,39.0,0.8087
INV003176,2025-10-02,16.02,smb,2,2,1,0.9177,60.0,42.3,0.8605
INV003205,2025-07-19,8.03,smb,1,0,1,0.5583,59.0,36.3,0.6905
INV003206,2025-09-04,12.12,smb,1,0,1,0.5222,36.0,37.2,0.6683
INV003207,2025-09-25,15.93,smb,1,1,1,0.5887,58.0,37.4,0.7086
INV003208,2025-10-16,13.19,smb,1,1,1,0.607,45.0,37.3,0.7191
INV003264,2025-07-19,29.94,enterprise,0,1,0,0.9339,53.0,87.7,0.8658
INV003265,2025-07-28,44.32,enterprise,1,1,1,0.9088,65.0,86.5,0.8574
INV003266,2025-08-27,235.18,enterprise,2,2,1,0.8849,100.0,87.6,0.8489
INV003267,2025-09-06,87.75,enterprise,1,2,1,0.9419,61.0,92.3,0.8685
INV003268,2025-09-08,76.28,enterprise,1,2,1,0.8294,68.0,89.6,0.8277
INV003269,2025-09-16,179.9,enterprise,1,3,1,0.9405,76.0,92.5,0.868
INV003272,2025-10-05,59.34,enterprise,2,1,1,0.9553,86.0,90.1,0.8727
INV003279,2025-11-05,107.76,enterprise,0,2,0,0.8661,54.0,89.4,0.842
INV003311,2025-07-11,6.9,smb,2,2,1,0.7957,74.0,52.4,0.8137
INV003313,2025-07-12,7.73,smb,2,2,1,0.8553,66.0,53.2,0.8379
INV003312,2025-07-14,11.15,smb,1,2,1,0.9104,35.0,55.1,0.8579
INV003310,2025-07-17,2.48,smb,0,1,0,0.6538,33.0,44.6,0.7451
INV003309,2025-07-24,5.51,smb,1,2,1,0.8094,40.0,48.3,0.8194
INV003314,2025-08-01,25.96,smb,2,2,1,0.8668,66.0,52.7,0.8422
INV003315,2025-08-09,3.73,smb,1,2,1,0.8608,27.0,44.7,0.84
INV003316,2025-11-01,5.19,smb,1,2,1,0.7237,39.0,45.6,0.7808
INV003340,2025-08-01,35.35,smb,2,2,1,0.6997,60.0,39.3,0.769
INV003343,2025-09-10,6.4,smb,2,1,1,0.5721,75.0,38.1,0.6988
INV003342,2025-09-15,3.7,smb,2,0,1,0.5273,72.0,33.6,0.6715
INV003344,2025-09-17,3.38,smb,2,1,1,0.5983,68.0,34.3,0.7142
INV003341,2025-09-28,9.25,smb,0,1,0,0.6679,27.0,33.9,0.7526
INV003345,2025-10-20,4.21,smb,0,1,0,0.6332,20.0,35.8,0.7338
INV003347,2025-10-27,1.01,smb,1,0,1,0.3154,36.0,28.0,0.5288
INV003346,2025-10-28,4.3,smb,0,0,0,0.5295,18.0,31.1,0.6728
INV003373,2025-08-06,9.02,smb,1,0,1,0.4539,49.0,33.6,0.6241
INV003372,2025-08-17,3.6,smb,1,0,1,0.5466,29.0,31.2,0.6834
INV003374,2025-09-16,8.24,smb,1,2,1,0.6584,43.0,36.1,0.7475
INV003375,2025-09-20,4.02,smb,1,1,1,0.7115,41.0,33.8,0.7748
INV003376,2025-10-11,2.96,smb,1,1,1,0.7567,31.0,31.4,0.7963
INV003377,2025-11-04,4.23,smb,1,0,1,0.5923,54.0,36.7,0.7106
INV003409,2025-09-02,7.3,smb,2,2,1,0.9147,61.0,42.4,0.8594
INV003408,2025-09-20,8.99,smb,1,1,1,0.9194,55.0,41.2,0.861
INV003410,2025-10-01,11.7,smb,0,2,0,0.9143,24.0,43.6,0.8593
INV003455,2025-07-09,148.67,enterprise,2,2,1,0.7523,113.0,80.8,0.7943
INV003454,2025-07-27,26.9,enterprise,1,0,1,0.3817,82.0,65.7,0.5752
INV003456,2025-07-28,75.37,enterprise,2,0,1,0.4672,106.0,62.4,0.6329
INV003458,2025-08-06,95.19,enterprise,2,2,1,0.8544,87.0,76.0,0.8375
INV003459,2025-08-14,37.99,enterprise,2,2,1,0.7748,91.0,83.1,0.8045
INV003457,2025-08-24,46.15,enterprise,1,2,1,0.813,83.0,85.3,0.821
INV003460,2025-08-25,38.49,enterprise,3,2,1,0.8198,122.0,85.1,0.8238
INV003461,2025-09-21,71.42,enterprise,1,2,1,0.9344,88.0,95.9,0.866
INV003462,2025-10-05,26.13,enterprise,1,2,1,0.9463,66.0,93.9,0.8699
INV003535,2025-07-01,45.4,enterprise,3,3,1,0.9002,118.0,95.8,0.8544
INV003532,2025-07-04,42.3,enterprise,2,3,1,0.8382,104.0,93.9,0.8312
INV003534,2025-07-14,74.78,enterprise,2,3,1,0.8549,96.0,99.4,0.8377
INV003533,2025-07-28,28.49,enterprise,3,2,1,0.9077,134.0,92.3,0.857
INV003537,2025-08-06,29.93,enterprise,2,3,1,0.9524,87.0,99.6,0.8718
INV003536,2025-08-09,117.32,enterprise,1,3,1,0.8337,85.0,91.5,0.8294
INV003539,2025-09-14,11.03,enterprise,1,2,1,0.8029,64.0,84.1,0.8167
INV003538,2025-09-25,23.61,enterprise,2,2,1,0.9192,91.0,98.1,0.861
INV003583,2025-07-05,9.03,smb,0,1,0,0.6943,23.0,41.4,0.7662
INV003584,2025-08-18,7.18,smb,1,1,1,0.7898,37.0,42.5,0.8111
INV003585,2025-10-11,6.56,smb,0,1,0,0.7538,29.0,41.3,0.795
INV003609,2025-07-09,9.57,smb,1,2,1,0.8553,45.0,51.2,0.8379
INV003611,2025-07-17,2.71,smb,2,2,1,0.7962,72.0,45.8,0.8139
INV003610,2025-07-28,5.28,smb,1,1,1,0.6864,34.0,41.7,0.7622
INV003612,2025-08-22,4.93,smb,1,2,1,0.8079,43.0,47.7,0.8189
INV003687,2025-07-10,89.56,enterprise,1,2,1,0.9292,70.0,91.2,0.8643
INV003690,2025-07-13,33.15,enterprise,1,2,1,0.8898,85.0,89.9,0.8507
INV003689,2025-07-17,26.4,enterprise,2,2,1,0.9498,95.0,86.4,0.871
INV003686,2025-07-19,92.33,enterprise,2,3,1,0.9354,98.0,88.5,0.8663
INV003691,2025-07-19,55.54,enterprise,1,2,1,0.8876,73.0,86.2,0.8499
INV003688,2025-07-21,185.49,enterprise,0,3,0,0.951,44.0,91.8,0.8714
INV003692,2025-08-11,37.83,enterprise,2,2,1,0.9728,104.0,92.1,0.8781
INV003693,2025-08-26,44.62,enterprise,1,2,1,0.9443,75.0,89.7,0.8692
INV003698,2025-09-05,70.19,enterprise,2,2,1,0.9406,103.0,91.4,0.8681
INV003695,2025-09-22,49.14,enterprise,1,3,1,0.958,80.0,93.0,0.8736
INV003694,2025-09-22,18.13,enterprise,1,2,1,0.9405,57.0,82.0,0.868
INV003696,2025-09-27,28.33,enterprise,1,2,1,0.9167,82.0,83.3,0.8601
INV003701,2025-10-04,25.33,enterprise,1,2,1,0.9333,81.0,85.7,0.8657
INV003699,2025-10-13,39.67,enterprise,1,3,1,0.9478,65.0,93.6,0.8704
INV003723,2025-08-22,4.56,smb,2,1,1,0.6231,68.0,43.4,0.7282
INV003724,2025-09-14,1.62,smb,0,0,0,0.4856,25.0,38.8,0.6449
INV003725,2025-10-07,5.88,smb,1,0,1,0.6976,47.0,41.0,0.7679
INV003727,2025-11-17,5.81,smb,1,1,1,0.8984,38.0,41.5,0.8538
INV003749,2025-07-10,2.91,smb,1,2,1,0.8659,50.0,52.5,0.8419
INV003750,2025-07-16,6.72,smb,2,2,1,0.8941,77.0,51.7,0.8522
INV003751,2025-08-13,20.36,smb,2,2,1,0.7259,73.0,55.6,0.7819
INV003753,2025-10-01,7.5,smb,1,2,1,0.958,48.0,52.6,0.8736
INV003752,2025-10-10,4.56,smb,1,2,1,0.839,58.0,51.4,0.8315
INV003784,2025-07-01,11.63,smb,2,1,1,0.9345,83.0,46.7,0.866
INV003783,2025-07-26,17.84,smb,1,1,1,0.8357,30.0,41.6,0.8302
INV003785,2025-09-19,1.99,smb,1,1,1,0.5559,36.0,41.0,0.6891
INV003787,2025-10-03,11.96,smb,1,1,1,0.6801,46.0,45.6,0.759
INV003786,2025-10-14,10.31,smb,1,2,1,0.7917,43.0,45.3,0.8119
INV003827,2025-07-04,24.96,mid_market,1,0,1,0.5709,65.0,46.1,0.698
INV003828,2025-07-28,3.66,mid_market,0,0,0,0.4674,35.0,38.5,0.6331
INV003829,2025-08-05,15.63,mid_market,0,0,0,0.5996,38.0,46.0,0.7149
INV003831,2025-08-09,33.42,mid_market,0,1,0,0.6776,43.0,52.7,0.7577
INV003830,2025-08-18,15.61,mid_market,0,0,0,0.668,38.0,44.9,0.7526
INV003834,2025-09-13,18.82,mid_market,1,0,1,0.6557,63.0,45.9,0.7461
INV003832,2025-09-25,7.66,mid_market,2,0,1,0.4996,86.0,43.5,0.6539
INV003833,2025-09-26,23.15,mid_market,0,0,0,0.3948,40.0,35.8,0.5842
INV003837,2025-11-13,7.98,mid_market,0,0,0,0.5534,45.0,43.1,0.6875
INV003874,2025-07-08,20.42,mid_market,1,0,1,0.4963,68.0,45.5,0.6518
INV003875,2025-07-14,11.51,mid_market,0,0,0,0.3697,36.0,45.8,0.5668
INV003876,2025-09-21,26.06,mid_market,1,0,1,0.5832,58.0,50.8,0.7053
INV003877,2025-09-26,10.57,mid_market,1,0,1,0.2042,52.0,35.8,0.4504
INV003878,2025-10-07,17.24,mid_market,0,0,0,0.4467,34.0,44.9,0.6193
INV003879,2025-10-15,18.68,mid_market,1,0,1,0.5153,48.0,46.0,0.6639
INV003920,2025-07-09,7.1,mid_market,0,0,0,0.3185,40.0,41.1,0.531
INV003921,2025-07-27,17.47,mid_market,1,0,1,0.1691,60.0,32.0,0.4259
INV003922,2025-07-28,16.72,mid_market,0,0,0,0.2513,27.0,34.2,0.4835
INV003923,2025-09-03,49.98,mid_market,1,0,1,0.5155,60.0,52.5,0.6641
INV003925,2025-10-11,26.42,mid_market,1,0,1,0.576,68.0,53.0,0.7011
INV003924,2025-10-18,11.87,mid_market,1,0,1,0.4722,45.0,44.9,0.6362
INV003926,2025-10-19,9.45,mid_market,0,0,0,0.4859,46.0,45.4,0.6451
INV003996,2025-07-03,40.57,enterprise,2,2,1,0.9453,101.0,88.8,0.8696
INV003991,2025-07-06,10.6,enterprise,1,2,1,0.8524,86.0,81.9,0.8368
INV003997,2025-07-07,149.28,enterprise,2,2,1,0.9654,96.0,88.4,0.8759
INV003993,2025-07-08,33.45,enterprise,1,2,1,0.925,85.0,81.4,0.8629
INV003992,2025-07-13,31.49,enterprise,1,2,1,0.9053,82.0,83.0,0.8562
INV003995,2025-07-20,26.35,enterprise,1,2,1,0.9229,66.0,85.5,0.8622
INV003990,2025-07-25,75.26,enterprise,1,2,1,0.9297,73.0,85.4,0.8645
INV003994,2025-07-26,36.72,enterprise,0,2,0,0.8,62.0,80.0,0.8155
INV003999,2025-09-08,25.12,enterprise,2,2,1,0.9691,101.0,88.0,0.877
INV004000,2025-09-14,71.62,enterprise,2,2,1,0.9384,95.0,88.2,0.8673
INV004001,2025-09-21,41.83,enterprise,2,2,1,0.9038,98.0,87.0,0.8557
INV004002,2025-10-07,45.74,enterprise,0,2,0,0.9203,56.0,92.5,0.8613
INV004003,2025-10-18,87.35,enterprise,1,2,1,0.9217,63.0,90.9,0.8618
INV004010,2025-11-02,41.22,enterprise,0,2,0,0.9011,59.0,88.4,0.8547
INV004033,2025-09-06,1.47,smb,0,0,0,0.4367,29.0,32.6,0.6127
INV004031,2025-09-24,6.74,smb,0,0,0,0.5997,24.0,35.3,0.715
INV004032,2025-09-25,6.88,smb,0,0,0,0.5244,12.0,34.8,0.6696
INV004034,2025-10-17,6.03,smb,1,0,1,0.6337,33.0,34.2,0.7341
INV004035,2025-11-27,1.94,smb,0,0,0,0.666,25.0,28.6,0.7516
INV004037,2025-12-03,2.71,smb,0,0,0,0.4936,22.0,30.9,0.6501
INV004038,2025-12-13,5.05,smb,0,0,0,0.5935,17.0,32.4,0.7114
INV004069,2025-08-24,10.86,mid_market,2,2,1,0.7945,74.0,58.8,0.8131
INV004071,2025-09-16,20.35,mid_market,0,1,0,0.7541,43.0,60.0,0.7952
INV004075,2025-10-03,7.69,mid_market,1,2,1,0.6591,70.0,55.5,0.7479
INV004072,2025-10-06,5.58,mid_market,1,1,1,0.7103,66.0,54.9,0.7742
INV004076,2025-11-06,24.43,mid_market,1,2,1,0.7141,53.0,60.2,0.7761
INV004078,2025-11-10,38.55,mid_market,0,2,0,0.7723,41.0,56.1,0.8034
INV004118,2025-07-08,12.87,mid_market,2,0,1,0.5509,80.0,45.5,0.686
INV004119,2025-08-08,12.44,mid_market,0,0,0,0.519,38.0,46.5,0.6663
INV004120,2025-08-20,18.42,mid_market,1,0,1,0.5524,63.0,46.3,0.6869
INV004121,2025-09-06,8.01,mid_market,0,0,0,0.4722,38.0,47.1,0.6362
INV004122,2025-11-07,6.5,mid_market,1,1,1,0.4039,51.0,43.9,0.5904
INV004163,2025-07-08,11.07,mid_market,2,0,1,0.6529,87.0,45.8,0.7446
INV004165,2025-07-16,29.66,mid_market,0,1,0,0.6391,44.0,58.0,0.7371
INV004164,2025-07-23,27.42,mid_market,0,0,0,0.5256,49.0,56.9,0.6704
INV004166,2025-08-07,10.99,mid_market,2,0,1,0.6029,80.0,45.0,0.7168
INV004167,2025-09-10,32.98,mid_market,1,2,1,0.7527,63.0,61.0,0.7945
INV004187,2025-07-08,4.88,smb,1,1,1,0.6699,30.0,34.6,0.7536
INV004188,2025-07-22,11.49,smb,2,0,1,0.4993,68.0,36.0,0.6538
INV004189,2025-10-01,42.51,smb,2,2,1,0.6303,71.0,39.8,0.7322
INV004191,2025-10-07,9.91,smb,0,1,0,0.6949,24.0,37.8,0.7666
INV004190,2025-10-21,3.48,smb,0,0,0,0.72,22.0,34.5,0.779
INV004192,2025-11-12,5.44,smb,0,0,0,0.5263,20.0,36.6,0.6708
INV004194,2025-12-08,7.4,smb,0,1,0,0.7615,14.0,36.9,0.7985
INV004253,2025-07-01,13.16,enterprise,0,2,0,0.9179,59.0,95.1,0.8605
INV004254,2025-07-08,26.89,enterprise,2,2,1,0.9452,101.0,96.6,0.8695
INV004252,2025-07-17,30.21,enterprise,2,3,1,0.945,100.0,100.2,0.8695
INV004255,2025-07-20,45.24,enterprise,1,3,1,0.8698,70.0,102.0,0.8434
INV004256,2025-07-24,129.56,enterprise,1,3,1,0.9245,71.0,105.3,0.8627
INV004258,2025-08-15,52.42,enterprise,1,3,1,0.8902,71.0,100.2,0.8508
INV004257,2025-08-22,40.85,enterprise,1,3,1,0.9058,78.0,98.5,0.8563
INV004259,2025-09-25,29.82,enterprise,0,2,0,0.8941,64.0,93.0,0.8522
INV004260,2025-09-27,271.46,enterprise,1,2,1,0.9309,61.0,89.8,0.8649
INV004305,2025-07-03,21.91,mid_market,1,1,1,0.6783,60.0,50.4,0.758
INV004304,2025-07-04,12.57,mid_market,1,0,1,0.5846,56.0,48.7,0.7061
INV004306,2025-08-13,19.77,mid_market,1,2,1,0.8203,53.0,50.9,0.824
INV004309,2025-09-10,17.2,mid_market,1,2,1,0.7379,65.0,50.8,0.7876
INV004307,2025-09-17,44.0,mid_market,1,2,1,0.6339,73.0,55.1,0.7342
INV004308,2025-09-17,74.62,mid_market,1,2,1,0.852,72.0,57.8,0.8366
INV004310,2025-10-12,15.19,mid_market,0,1,0,0.6993,42.0,50.4,0.7688
INV004311,2025-10-16,12.66,mid_market,1,0,1,0.5911,54.0,47.5,0.71
INV004312,2025-10-17,46.5,mid_market,0,1,0,0.6286,40.0,51.7,0.7313
INV004314,2025-10-20,13.73,mid_market,1,1,1,0.6803,63.0,47.6,0.759
INV004372,2025-07-08,46.14,enterprise,1,2,1,0.9443,73.0,86.9,0.8693
INV004373,2025-07-17,20.54,enterprise,2,2,1,0.9572,99.0,84.0,0.8733
INV004374,2025-07-22,309.65,enterprise,3,2,1,0.9525,129.0,95.3,0.8718
INV004375,2025-08-04,18.18,enterprise,2,2,1,0.9492,96.0,90.3,0.8708
INV004377,2025-08-08,13.78,enterprise,2,2,1,0.8796,102.0,85.8,0.847
INV004376,2025-08-10,34.96,enterprise,1,2,1,0.9159,73.0,93.9,0.8598
INV004378,2025-08-20,51.66,enterprise,2,3,1,0.9414,100.0,94.2,0.8683
INV004381,2025-09-12,64.88,enterprise,1,3,1,0.9232,59.0,97.4,0.8623
INV004380,2025-09-24,96.25,enterprise,2,3,1,0.9453,92.0,94.2,0.8695
INV004379,2025-09-28,32.02,enterprise,1,2,1,0.9213,79.0,91.7,0.8617
INV004382,2025-10-02,51.46,enterprise,0,3,0,0.9078,45.0,91.3,0.857
INV004384,2025-10-08,81.92,enterprise,1,3,1,0.953,79.0,94.9,0.872
INV004436,2025-07-08,29.69,enterprise,1,2,1,0.8494,73.0,81.4,0.8356
INV004437,2025-07-18,65.85,enterprise,1,2,1,0.8724,80.0,82.8,0.8443
INV004438,2025-08-04,17.68,enterprise,0,2,0,0.9629,53.0,86.7,0.8751
INV004439,2025-09-22,36.03,enterprise,1,2,1,0.967,74.0,89.6,0.8764
INV004442,2025-10-01,30.44,enterprise,1,2,1,0.9596,73.0,90.9,0.8741
INV004440,2025-10-12,90.06,enterprise,0,2,0,0.9536,53.0,92.0,0.8722
INV004441,2025-10-18,48.04,enterprise,1,2,1,0.9355,60.0,84.8,0.8664
INV004443,2025-10-27,91.71,enterprise,1,2,1,0.9178,63.0,82.9,0.8605
INV004447,2025-11-07,46.19,enterprise,0,2,0,0.9025,53.0,84.2,0.8552
INV004468,2025-07-02,1.89,smb,1,1,1,0.6257,42.0,41.2,0.7297
INV004469,2025-08-07,2.14,smb,1,1,1,0.5442,33.0,35.2,0.6819
INV004472,2025-08-15,4.63,smb,1,1,1,0.5863,43.0,36.7,0.7071
INV004470,2025-08-20,6.56,smb,1,2,1,0.5206,48.0,39.4,0.6672
INV004471,2025-08-27,9.09,smb,1,1,1,0.4352,43.0,38.6,0.6116
INV004474,2025-09-05,8.15,smb,0,2,0,0.71,17.0,44.9,0.7741
INV004473,2025-09-24,6.31,smb,1,2,1,0.6636,51.0,38.3,0.7503
INV004475,2025-10-09,6.8,smb,1,1,1,0.6924,55.0,41.7,0.7653
INV004476,2025-10-09,8.15,smb,2,1,1,0.5708,69.0,43.1,0.698
INV004477,2025-11-07,4.56,smb,1,1,1,0.5666,51.0,43.1,0.6955
INV004501,2025-07-08,10.67,smb,1,2,1,0.8421,47.0,40.2,0.8328
INV004502,2025-07-08,4.45,smb,2,0,1,0.6048,74.0,33.1,0.7179
INV004503,2025-09-20,14.51,smb,2,2,1,0.605,69.0,41.3,0.718
INV004504,2025-10-12,2.37,smb,0,0,0,0.7218,21.0,35.2,0.7799
INV004505,2025-10-13,3.57,smb,1,0,1,0.4048,42.0,32.2,0.591
INV004536,2025-07-03,34.95,mid_market,1,2,1,0.697,74.0,61.4,0.7676
INV004539,2025-08-01,46.19,mid_market,2,2,1,0.7202,77.0,56.7,0.7791
INV004537,2025-08-09,14.77,mid_market,1,0,1,0.5241,59.0,51.3,0.6695
INV004540,2025-08-10,14.63,mid_market,1,0,1,0.5956,69.0,50.0,0.7126
INV004542,2025-08-13,12.79,mid_market,1,2,1,0.4816,54.0,51.1,0.6423
INV004538,2025-08-18,6.09,mid_market,2,0,1,0.3191,80.0,45.2,0.5314
INV004541,2025-08-24,18.72,mid_market,2,0,1,0.5924,81.0,53.8,0.7107
INV004543,2025-09-08,4.64,mid_market,0,1,0,0.5607,34.0,50.7,0.692
INV004544,2025-09-22,31.48,mid_market,1,2,1,0.7202,59.0,60.6,0.7791
INV004547,2025-10-02,5.33,mid_market,0,1,0,0.5911,32.0,46.5,0.7099
INV004548,2025-10-06,31.06,mid_market,1,2,1,0.6849,55.0,60.9,0.7614
INV004546,2025-10-11,25.34,mid_market,0,2,0,0.7139,44.0,56.8,0.776
INV004549,2025-10-21,40.26,mid_market,1,2,1,0.7104,50.0,60.4,0.7743
INV004545,2025-10-27,16.12,mid_market,1,1,1,0.5877,41.0,46.4,0.708
INV004551,2025-11-08,11.41,mid_market,0,2,0,0.6813,38.0,50.3,0.7596
INV004585,2025-07-01,5.74,mid_market,1,0,1,0.3768,69.0,44.5,0.5717
INV004586,2025-08-01,35.77,mid_market,2,2,1,0.6332,78.0,54.1,0.7339
INV004587,2025-08-15,9.74,mid_market,1,0,1,0.4595,65.0,50.4,0.6278
INV004588,2025-08-24,31.34,mid_market,1,2,1,0.7332,57.0,52.4,0.7854
INV004590,2025-09-10,7.48,mid_market,0,0,0,0.4375,32.0,48.8,0.6132
INV004591,2025-09-19,13.8,mid_market,0,1,0,0.5948,44.0,50.2,0.7121
INV004589,2025-09-20,17.51,mid_market,0,1,0,0.5958,41.0,51.7,0.7127
INV004593,2025-09-26,7.74,mid_market,0,0,0,0.3428,25.0,42.6,0.5481
INV004611,2025-07-10,5.92,smb,1,0,1,0.4924,42.0,35.8,0.6493
INV004612,2025-09-18,11.48,smb,1,1,1,0.737,43.0,38.3,0.7871
INV004613,2025-11-14,14.36,smb,1,1,1,0.5499,46.0,38.1,0.6854
INV004614,2025-11-23,6.8,smb,0,0,0,0.4678,28.0,37.9,0.6333
INV004650,2025-07-08,7.53,mid_market,0,0,0,0.5023,45.0,52.1,0.6556
INV004652,2025-07-13,9.21,mid_market,0,0,0,0.4793,44.0,51.4,0.6408
INV004651,2025-07-21,5.08,mid_market,1,0,1,0.5036,41.0,44.2,0.6565
INV004649,2025-07-25,3.22,mid_market,1,0,1,0.507,60.0,44.9,0.6587
INV004654,2025-08-03,33.88,mid_market,1,0,1,0.5608,58.0,49.9,0.692
INV004653,2025-08-22,7.94,mid_market,2,0,1,0.4719,82.0,49.0,0.636
INV004655,2025-09-27,2.37,mid_market,0,0,0,0.2945,38.0,44.2,0.5141
INV004658,2025-11-28,12.86,mid_market,0,0,0,0.4386,31.0,40.4,0.6139
INV004686,2025-07-08,6.07,smb,1,0,1,0.5821,42.0,36.7,0.7047
INV004687,2025-09-09,4.63,smb,0,2,0,0.6054,19.0,36.9,0.7182
INV004688,2025-10-06,2.66,smb,0,0,0,0.7423,15.0,33.6,0.7897
INV004689,2025-10-25,1.04,smb,1,0,1,0.4284,59.0,33.1,0.607
INV004691,2025-11-10,3.38,smb,1,0,1,0.5654,46.0,32.7,0.6948
INV004723,2025-07-06,5.94,smb,1,1,1,0.787,47.0,42.2,0.8099
INV004722,2025-07-16,8.15,smb,1,1,1,0.572,47.0,44.4,0.6987
INV004721,2025-07-22,5.27,smb,2,3,1,0.8131,64.0,42.4,0.821
INV004724,2025-08-05,7.95,smb,1,1,1,0.5925,41.0,44.9,0.7108
INV004725,2025-08-23,3.35,smb,1,1,1,0.7694,52.0,41.2,0.8021
INV004726,2025-09-14,6.14,smb,1,3,1,0.6734,52.0,42.6,0.7555
INV004727,2025-11-01,8.12,smb,0,3,0,0.8691,23.0,46.6,0.8431
INV004728,2025-11-05,3.01,smb,1,1,1,0.8425,54.0,40.1,0.8329
INV004730,2025-12-05,3.21,smb,0,1,0,0.7803,22.0,42.2,0.807
INV004778,2025-07-09,6.88,mid_market,3,2,1,0.631,112.0,55.0,0.7326
INV004777,2025-07-11,11.92,mid_market,1,2,1,0.6337,72.0,57.0,0.7341
INV004775,2025-07-24,35.92,mid_market,1,2,1,0.767,69.0,65.5,0.801
INV004776,2025-07-25,6.25,mid_market,0,1,0,0.5459,43.0,55.9,0.6829
INV004780,2025-08-01,28.89,mid_market,3,2,1,0.8307,109.0,58.6,0.8282
INV004779,2025-08-14,41.66,mid_market,2,2,1,0.8217,89.0,62.7,0.8246
INV004781,2025-08-22,5.94,mid_market,0,1,0,0.7309,34.0,55.4,0.7843
INV004783,2025-09-07,10.06,mid_market,2,2,1,0.8324,100.0,60.0,0.8289
INV004784,2025-09-12,10.38,mid_market,1,2,1,0.8182,50.0,57.4,0.8231
INV004785,2025-09-20,9.44,mid_market,2,2,1,0.8058,75.0,61.5,0.8179
INV004782,2025-09-24,121.03,mid_market,2,2,1,0.9122,83.0,67.9,0.8586
INV004788,2025-11-11,24.27,mid_market,1,2,1,0.9279,47.0,62.4,0.8639
INV004836,2025-09-19,7.74,mid_market,0,2,0,0.7442,48.0,63.7,0.7905
INV004837,2025-10-17,17.66,mid_market,1,2,1,0.8745,67.0,58.8,0.8451
INV004860,2025-07-02,5.91,smb,1,0,1,0.4623,63.0,33.1,0.6297
INV004858,2025-07-03,2.66,smb,1,1,1,0.5711,46.0,32.1,0.6982
INV004857,2025-07-12,12.66,smb,1,2,1,0.8309,42.0,38.5,0.8283
INV004859,2025-07-13,7.25,smb,1,0,1,0.5441,41.0,34.9,0.6818
INV004861,2025-08-25,6.68,smb,1,3,1,0.7707,41.0,37.7,0.8027
INV004862,2025-09-14,16.03,smb,2,3,1,0.8887,72.0,39.3,0.8503
INV004863,2025-09-20,13.65,smb,2,3,1,0.9135,61.0,41.8,0.859
INV004865,2025-10-09,2.58,smb,0,0,0,0.4659,12.0,36.3,0.6321
INV004866,2025-10-19,11.19,smb,1,2,1,0.8908,38.0,40.7,0.8511
INV004864,2025-10-26,5.56,smb,1,0,1,0.7144,34.0,35.2,0.7762
INV004868,2025-11-04,4.96,smb,0,0,0,0.7297,27.0,37.9,0.7837
INV004887,2025-07-02,5.09,smb,3,2,1,0.8311,103.0,46.5,0.8284
INV004888,2025-08-11,5.53,smb,1,2,1,0.9035,53.0,48.5,0.8556
INV004955,2025-07-01,141.06,enterprise,1,3,1,0.965,70.0,95.5,0.8757
INV004957,2025-07-12,26.27,enterprise,1,2,1,0.9359,64.0,90.0,0.8665
INV004956,2025-07-14,21.5,enterprise,0,2,0,0.9382,39.0,86.8,0.8673
INV004961,2025-08-01,96.52,enterprise,1,2,1,0.861,73.0,86.3,0.84
INV004960,2025-08-22,33.19,enterprise,1,2,1,0.9236,82.0,86.5,0.8624
INV004959,2025-08-26,50.68,enterprise,1,2,1,0.9103,86.0,87.8,0.8579
INV004958,2025-08-28,38.71,enterprise,1,2,1,0.8971,67.0,83.8,0.8533
INV004966,2025-09-03,41.65,enterprise,1,2,1,0.9342,80.0,89.4,0.866
INV004965,2025-09-11,65.18,enterprise,1,2,1,0.9186,77.0,90.7,0.8607
INV004962,2025-09-19,21.04,enterprise,1,2,1,0.9518,67.0,92.3,0.8716
INV004964,2025-09-20,9.06,enterprise,1,2,1,0.8927,81.0,83.9,0.8517
INV004963,2025-09-22,25.42,enterprise,0,2,0,0.9445,64.0,97.7,0.8693
INV004967,2025-11-08,8.39,enterprise,0,2,0,0.8545,47.0,81.3,0.8376
INV004999,2025-07-01,8.68,smb,1,2,1,0.7324,58.0,37.7,0.785
INV005000,2025-07-23,6.45,smb,3,2,1,0.7479,87.0,36.7,0.7923
INV005001,2025-08-17,3.4,smb,1,1,1,0.6964,50.0,35.5,0.7673
INV005002,2025-08-19,6.77,smb,3,2,1,0.8892,90.0,39.9,0.8505
INV005004,2025-09-08,10.34,smb,1,2,1,0.7873,48.0,42.3,0.81
INV005003,2025-09-19,15.17,smb,1,2,1,0.7604,42.0,42.6,0.798
INV005051,2025-07-22,22.91,enterprise,1,0,1,0.5544,76.0,75.0,0.6881
INV005052,2025-08-08,72.93,enterprise,1,1,1,0.6958,74.0,76.1,0.767
INV005081,2025-07-16,4.41,smb,1,1,1,0.5853,37.0,32.2,0.7066
INV005082,2025-07-25,4.63,smb,1,1,1,0.7917,46.0,34.6,0.8119
INV005085,2025-08-03,3.16,smb,0,2,0,0.6554,24.0,31.2,0.7459
INV005087,2025-08-05,3.77,smb,1,2,1,0.4875,37.0,31.6,0.6462
INV005084,2025-08-14,3.1,smb,1,0,1,0.3556,51.0,30.4,0.557
INV005083,2025-08-22,11.44,smb,2,1,1,0.611,75.0,37.6,0.7214
INV005086,2025-08-26,12.27,smb,1,1,1,0.6944,33.0,32.1,0.7663
INV005088,2025-09-08,4.31,smb,1,0,1,0.3835,46.0,33.9,0.5764
INV005090,2025-10-10,2.09,smb,0,0,0,0.6087,22.0,34.9,0.7201
INV005089,2025-10-26,10.23,smb,0,0,0,0.3655,18.0,31.8,0.5639
INV005120,2025-07-06,5.48,smb,0,0,0,0.5053,29.0,34.5,0.6576
INV005121,2025-07-06,9.82,smb,1,0,1,0.4646,40.0,34.8,0.6312
INV005122,2025-08-20,7.8,smb,0,2,0,0.6199,26.0,37.3,0.7265
INV005123,2025-10-19,3.61,smb,1,1,1,0.5612,44.0,32.4,0.6923
INV005124,2025-10-22,8.85,smb,1,2,1,0.7258,56.0,34.4,0.7818
INV005125,2025-12-12,1.49,smb,0,2,0,0.6467,10.0,34.9,0.7413
INV005170,2025-07-04,65.31,enterprise,1,1,1,0.7179,66.0,70.6,0.778
INV005171,2025-07-22,53.7,enterprise,1,0,1,0.6989,68.0,73.0,0.7685
INV005169,2025-07-25,57.81,enterprise,3,1,1,0.741,139.0,68.2,0.7891
INV005173,2025-08-08,16.36,enterprise,2,0,1,0.5449,111.0,68.8,0.6823
INV005172,2025-08-17,49.29,enterprise,0,2,0,0.8078,56.0,77.5,0.8188
INV005174,2025-08-28,82.77,enterprise,2,0,1,0.5578,109.0,62.4,0.6902
INV005175,2025-09-05,21.46,enterprise,1,1,1,0.8047,93.0,78.9,0.8175
INV005176,2025-09-16,346.53,enterprise,1,2,1,0.8745,87.0,79.7,0.8451
INV005177,2025-09-21,58.99,enterprise,2,2,1,0.9249,101.0,82.2,0.8629
INV005180,2025-10-18,14.6,enterprise,0,1,0,0.871,44.0,81.8,0.8438
INV005179,2025-10-25,66.14,enterprise,1,2,1,0.8845,61.0,81.8,0.8488
INV005182,2025-11-09,60.06,enterprise,0,2,0,0.9045,21.0,82.3,0.8559
INV005181,2025-11-13,5.27,enterprise,0,1,0,0.7292,45.0,76.2,0.7834
INV005238,2025-08-03,8.47,mid_market,0,2,0,0.8393,35.0,55.1,0.8316
INV005239,2025-09-09,12.33,mid_market,1,2,1,0.8652,58.0,52.0,0.8416
INV005240,2025-09-19,25.09,mid_market,1,2,1,0.8775,64.0,59.3,0.8462
INV005243,2025-10-03,21.58,mid_market,0,2,0,0.8869,43.0,58.7,0.8496
INV005241,2025-10-11,44.87,mid_market,0,2,0,0.8622,49.0,61.2,0.8405
INV005242,2025-10-18,18.58,mid_market,1,2,1,0.8844,58.0,56.5,0.8488
INV005244,2025-10-20,11.45,mid_market,1,2,1,0.8694,60.0,51.0,0.8432
INV005245,2025-11-14,15.24,mid_market,0,2,0,0.8617,33.0,53.6,0.8403
INV005267,2025-09-06,13.04,smb,2,2,1,0.79,59.0,39.7,0.8112
INV005318,2025-07-02,18.51,enterprise,1,2,1,0.8679,70.0,86.4,0.8426
INV005319,2025-07-27,95.97,enterprise,0,2,0,0.6319,56.0,78.8,0.7331
INV005322,2025-09-14,28.74,enterprise,1,2,1,0.9152,82.0,97.4,0.8596
INV005321,2025-09-24,107.61,enterprise,1,2,1,0.9089,59.0,97.1,0.8574
INV005320,2025-09-28,72.77,enterprise,1,2,1,0.9081,70.0,88.9,0.8572
INV005323,2025-10-01,35.52,enterprise,1,2,1,0.8569,70.0,92.1,0.8385
INV005324,2025-10-06,17.31,enterprise,1,2,1,0.9393,79.0,88.7,0.8676
INV005327,2025-10-12,44.31,enterprise,0,2,0,0.8796,51.0,92.9,0.847
INV005325,2025-10-19,86.54,enterprise,1,3,1,0.938,73.0,99.0,0.8672
INV005331,2025-11-02,26.05,enterprise,0,3,0,0.9389,52.0,103.4,0.8675
INV005372,2025-07-26,4.5,smb,1,1,1,0.7125,33.0,27.4,0.7753
INV005373,2025-08-04,11.37,smb,1,1,1,0.6055,28.0,33.4,0.7183
INV005374,2025-08-21,4.1,smb,1,0,1,0.6683,30.0,28.7,0.7528
INV005375,2025-09-08,7.55,smb,0,0,0,0.5585,21.0,33.3,0.6906
INV005376,2025-09-11,14.77,smb,1,0,1,0.4194,59.0,33.8,0.601
INV005377,2025-10-11,8.07,smb,0,0,0,0.4352,31.0,33.2,0.6116
INV005378,2025-11-17,4.3,smb,0,0,0,0.3472,31.0,31.7,0.5511
INV005379,2025-12-15,2.02,smb,0,0,0,0.2774,16.0,27.8,0.5019
INV005403,2025-10-25,3.18,smb,0,2,0,0.7193,26.0,33.5,0.7787
INV005402,2025-10-27,3.79,smb,1,0,1,0.3913,40.0,29.0,0.5818
INV005404,2025-11-13,4.97,smb,1,0,1,0.5392,40.0,36.2,0.6788
INV005442,2025-07-17,17.35,mid_market,1,0,1,0.5221,64.0,44.6,0.6682
INV005444,2025-08-08,24.03,mid_market,0,1,0,0.662,31.0,45.5,0.7494
INV005443,2025-08-11,20.2,mid_market,1,1,1,0.6495,67.0,44.2,0.7428
INV005445,2025-08-24,25.63,mid_market,2,0,1,0.6912,79.0,51.7,0.7646
INV005446,2025-10-09,24.26,mid_market,0,1,0,0.7843,26.0,50.9,0.8087
INV005447,2025-10-22,18.72,mid_market,0,0,0,0.5935,42.0,47.5,0.7114
INV005448,2025-10-24,36.5,mid_market,1,1,1,0.6422,51.0,49.2,0.7388
INV005449,2025-10-25,11.42,mid_market,1,0,1,0.5189,63.0,45.7,0.6662
INV005466,2025-08-01,2.65,smb,1,1,1,0.5804,36.0,39.6,0.7037
INV005467,2025-08-10,8.62,smb,1,0,1,0.5047,49.0,37.4,0.6572
INV005469,2025-10-17,16.11,smb,1,1,1,0.5966,38.0,36.2,0.7131
INV005468,2025-10-19,3.58,smb,0,0,0,0.4401,11.0,31.2,0.6149
INV005470,2025-10-22,14.41,smb,0,1,0,0.5088,24.0,37.5,0.6598
INV005471,2025-11-22,5.34,smb,1,0,1,0.5736,38.0,39.3,0.6996
INV005513,2025-07-06,29.28,mid_market,2,0,1,0.6145,96.0,54.3,0.7234
INV005512,2025-07-13,22.71,mid_market,1,0,1,0.6123,71.0,49.4,0.7221
INV005515,2025-08-08,13.06,mid_market,1,0,1,0.6151,54.0,50.6,0.7237
INV005514,2025-08-19,23.34,mid_market,1,1,1,0.6851,43.0,48.8,0.7615
INV005516,2025-09-02,13.14,mid_market,1,0,1,0.6053,57.0,47.3,0.7181
INV005517,2025-09-27,11.82,mid_market,0,0,0,0.3606,22.0,41.7,0.5605
INV005519,2025-10-16,26.73,mid_market,1,1,1,0.684,61.0,56.8,0.761
INV005518,2025-10-27,18.36,mid_market,1,0,1,0.3909,54.0,38.8,0.5815
INV005520,2025-11-04,4.35,mid_market,0,0,0,0.4744,40.0,42.2,0.6376
INV005585,2025-07-12,47.2,enterprise,2,2,1,0.9038,101.0,81.1,0.8557
INV005587,2025-08-01,69.34,enterprise,0,3,0,0.9365,50.0,85.2,0.8667
INV005588,2025-08-14,20.93,enterprise,1,1,1,0.9319,85.0,82.8,0.8652
INV005586,2025-08-28,43.47,enterprise,0,1,0,0.883,58.0,79.9,0.8482
INV005593,2025-09-01,85.92,enterprise,1,2,1,0.869,77.0,83.2,0.8431
INV005592,2025-09-03,47.27,enterprise,1,2,1,0.9205,68.0,80.7,0.8614
INV005589,2025-09-08,45.92,enterprise,1,2,1,0.9324,75.0,87.6,0.8654
INV005590,2025-09-17,135.42,enterprise,1,2,1,0.9172,67.0,93.7,0.8603
INV005591,2025-09-25,80.81,enterprise,1,2,1,0.9354,81.0,89.0,0.8664
INV005594,2025-10-08,30.47,enterprise,1,2,1,0.943,66.0,87.7,0.8688
INV005599,2025-11-02,44.7,enterprise,0,1,0,0.9267,49.0,86.2,0.8635
INV005639,2025-07-18,14.35,mid_market,0,1,0,0.636,29.0,48.4,0.7354
INV005640,2025-07-23,18.18,mid_market,1,1,1,0.6083,63.0,49.4,0.7199
INV005641,2025-08-08,46.9,mid_market,2,1,1,0.65,89.0,51.8,0.743
INV005642,2025-08-09,21.97,mid_market,1,0,1,0.5661,53.0,50.7,0.6952
INV005643,2025-08-26,31.06,mid_market,1,0,1,0.5171,58.0,49.9,0.6651
INV005644,2025-10-21,15.93,mid_market,1,1,1,0.5779,50.0,49.1,0.7022
INV005645,2025-11-07,9.8,mid_market,0,2,0,0.7089,41.0,49.6,0.7735
INV005710,2025-07-07,60.79,enterprise,2,2,1,0.941,105.0,89.7,0.8682
INV005709,2025-07-15,123.03,enterprise,2,2,1,0.8616,103.0,86.4,0.8403
INV005708,2025-07-19,38.71,enterprise,0,2,0,0.8376,31.0,83.5,0.831
INV005707,2025-07-21,68.09,enterprise,1,2,1,0.8841,58.0,88.5,0.8487
INV005711,2025-08-08,19.02,enterprise,2,2,1,0.8303,101.0,76.8,0.8281
INV005712,2025-08-11,40.42,enterprise,2,2,1,0.8715,108.0,86.5,0.844
INV005714,2025-09-14,90.59,enterprise,1,2,1,0.8657,61.0,87.6,0.8418
INV005715,2025-09-19,35.77,enterprise,1,2,1,0.8226,60.0,84.7,0.8249
INV005718,2025-10-04,109.84,enterprise,1,2,1,0.8779,77.0,87.3,0.8464
INV005716,2025-10-19,20.63,enterprise,0,2,0,0.8388,50.0,76.6,0.8314
INV005722,2025-11-05,30.18,enterprise,0,2,0,0.8364,50.0,79.0,0.8305
INV005757,2025-08-08,6.4,mid_market,1,1,1,0.5749,50.0,50.7,0.7004
INV005758,2025-08-21,6.58,mid_market,1,1,1,0.5543,69.0,50.9,0.6881
INV005756,2025-08-26,15.64,mid_market,0,1,0,0.443,50.0,53.1,0.6168
INV005760,2025-09-21,5.34,mid_market,0,1,0,0.5567,35.0,51.3,0.6895
INV005761,2025-09-21,26.89,mid_market,1,1,1,0.7326,50.0,56.8,0.7851
INV005762,2025-10-12,13.35,mid_market,1,1,1,0.5658,68.0,51.0,0.695
INV005763,2025-10-23,23.69,mid_market,1,2,1,0.8057,64.0,59.5,0.8179
INV005764,2025-11-13,44.65,mid_market,0,2,0,0.6955,30.0,62.5,0.7668
INV005788,2025-07-06,4.05,smb,1,0,1,0.3887,41.0,34.4,0.58
INV005790,2025-08-01,13.28,smb,1,1,1,0.7669,42.0,37.1,0.801
INV005789,2025-08-25,4.82,smb,2,0,1,0.5317,71.0,34.1,0.6742
INV005791,2025-09-12,11.08,smb,0,1,0,0.7732,22.0,36.8,0.8038
INV005792,2025-10-02,1.41,smb,0,0,0,0.3623,23.0,30.3,0.5617
INV005793,2025-10-15,2.31,smb,0,0,0,0.4602,32.0,29.4,0.6283
INV005796,2025-12-01,7.89,smb,0,1,0,0.8541,25.0,36.3,0.8374
INV005819,2025-09-02,4.42,smb,2,2,1,0.9082,61.0,49.2,0.8572
INV005816,2025-09-17,3.38,smb,1,1,1,0.9092,48.0,46.4,0.8575
INV005817,2025-09-19,0.84,smb,1,1,1,0.8152,54.0,40.8,0.8219
INV005818,2025-09-24,4.72,smb,2,2,1,0.9397,72.0,49.0,0.8677
INV005821,2025-10-21,7.25,smb,1,2,1,0.8895,37.0,48.7,0.8506
INV005820,2025-10-25,2.4,smb,0,1,0,0.817,24.0,46.7,0.8226
INV005863,2025-07-08,6.73,mid_market,0,0,0,0.3363,33.0,41.8,0.5435
INV005864,2025-08-03,9.3,mid_market,0,0,0,0.4886,35.0,42.1,0.6469
INV005867,2025-08-06,19.56,mid_market,0,0,0,0.4705,31.0,42.8,0.6351
INV005865,2025-08-22,9.0,mid_market,1,0,1,0.4746,45.0,40.4,0.6377
INV005866,2025-08-27,24.57,mid_market,2,0,1,0.2796,95.0,33.0,0.5035
INV005868,2025-09-02,10.59,mid_market,0,0,0,0.424,25.0,40.7,0.6041
INV005870,2025-10-17,23.08,mid_market,0,0,0,0.5876,36.0,43.0,0.7079
INV005869,2025-10-27,9.2,mid_market,0,0,0,0.2015,24.0,32.2,0.4485
INV005873,2025-11-19,10.53,mid_market,0,0,0,0.5061,39.0,41.6,0.6581
INV005872,2025-11-24,9.24,mid_market,0,1,0,0.5843,27.0,40.8,0.706
INV005874,2025-11-27,9.84,mid_market,0,1,0,0.2602,23.0,32.8,0.4898
INV005913,2025-09-06,8.59,mid_market,1,2,1,0.6568,70.0,56.4,0.7467
INV005912,2025-09-08,33.72,mid_market,1,2,1,0.6471,57.0,53.3,0.7415
INV005914,2025-10-11,7.06,mid_market,1,2,1,0.5805,69.0,54.3,0.7037
INV005915,2025-11-02,13.82,mid_market,1,2,1,0.5801,53.0,55.6,0.7035
INV005940,2025-07-01,4.32,smb,1,1,1,0.6894,50.0,30.2,0.7637
INV005942,2025-07-07,2.28,smb,1,0,1,0.6953,40.0,28.8,0.7667
INV005941,2025-07-23,6.06,smb,1,1,1,0.6491,36.0,33.5,0.7426
INV005943,2025-08-08,3.8,smb,0,0,0,0.5315,25.0,30.6,0.6741
INV005944,2025-10-18,3.65,smb,2,1,1,0.6189,70.0,32.2,0.7259
INV005945,2025-10-20,11.82,smb,1,0,1,0.605,55.0,37.1,0.718
INV005976,2025-07-10,33.34,mid_market,1,2,1,0.5869,65.0,55.9,0.7075
INV005975,2025-07-14,76.6,mid_market,1,1,1,0.6671,47.0,58.2,0.7522
INV005974,2025-07-20,11.52,mid_market,0,0,0,0.4982,38.0,46.8,0.6531
INV005977,2025-08-06,44.59,mid_market,1,2,1,0.7047,62.0,53.9,0.7714
INV005980,2025-09-01,25.54,mid_market,0,1,0,0.5783,39.0,51.8,0.7024
INV005979,2025-09-07,18.14,mid_market,1,0,1,0.47,47.0,46.7,0.6348
INV005978,2025-09-18,24.72,mid_market,1,0,1,0.4563,54.0,49.5,0.6257
INV005983,2025-11-14,15.98,mid_market,0,0,0,0.4422,46.0,48.2,0.6163
INV006005,2025-09-16,4.12,smb,2,0,1,0.5519,68.0,34.4,0.6866
INV006045,2025-07-15,17.53,mid_market,0,2,0,0.761,43.0,55.4,0.7983
INV006046,2025-07-16,11.24,mid_market,0,2,0,0.6425,46.0,53.9,0.7389
INV006047,2025-07-21,14.06,mid_market,2,2,1,0.7608,98.0,55.6,0.7982
INV006049,2025-09-21,26.83,mid_market,2,2,1,0.8137,86.0,68.1,0.8213
INV006048,2025-09-22,3.71,mid_market,2,1,1,0.5409,95.0,51.3,0.6799
INV006051,2025-10-08,19.8,mid_market,1,2,1,0.8676,47.0,57.6,0.8425
INV006050,2025-10-10,106.18,mid_market,2,2,1,0.9226,79.0,63.1,0.8621
INV006052,2025-11-06,19.81,mid_market,0,2,0,0.8987,32.0,57.0,0.8539
INV006053,2025-11-21,20.58,mid_market,0,2,0,0.848,37.0,56.3,0.8351
INV006098,2025-07-04,16.53,mid_market,1,0,1,0.5904,48.0,48.0,0.7096
INV006097,2025-07-08,28.34,mid_market,1,1,1,0.6776,78.0,56.1,0.7577
INV006099,2025-08-09,9.85,mid_market,0,0,0,0.5833,42.0,53.2,0.7054
INV006100,2025-08-13,34.8,mid_market,1,1,1,0.7428,46.0,52.8,0.7899
INV006101,2025-09-23,45.75,mid_market,0,2,0,0.7499,42.0,58.6,0.7932
INV006102,2025-10-02,5.06,mid_market,2,0,1,0.4713,82.0,44.6,0.6356
INV006103,2025-10-08,8.98,mid_market,1,0,1,0.4705,51.0,43.7,0.6351
INV006105,2025-10-09,30.01,mid_market,1,1,1,0.7617,58.0,52.0,0.7986
INV006104,2025-10-23,29.86,mid_market,1,1,1,0.7467,47.0,54.1,0.7917
INV006122,2025-08-03,1.68,smb,0,0,0,0.225,27.0,27.7,0.465
INV006125,2025-08-07,13.81,smb,1,0,1,0.411,53.0,31.8,0.5952
INV006123,2025-08-14,16.76,smb,0,1,0,0.5442,28.0,35.6,0.6819
INV006124,2025-08-28,10.91,smb,1,0,1,0.2306,36.0,28.2,0.4689
INV006127,2025-11-18,2.9,smb,1,0,1,0.4439,31.0,32.3,0.6175
INV006126,2025-11-20,13.41,smb,0,1,0,0.7055,23.0,35.8,0.7718
INV006128,2025-12-02,8.5,smb,0,0,0,0.6249,29.0,34.8,0.7293
INV006149,2025-07-14,20.38,smb,1,1,1,0.5314,37.0,41.9,0.674
INV006148,2025-07-19,4.31,smb,1,1,1,0.6231,43.0,38.4,0.7282
INV006150,2025-10-18,4.65,smb,0,1,0,0.7739,24.0,41.5,0.8041
INV006151,2025-11-06,16.53,smb,1,1,1,0.8442,40.0,42.5,0.8336
INV006174,2025-10-18,5.98,smb,1,2,1,0.9143,48.0,50.2,0.8593
INV006177,2025-11-05,1.08,smb,1,2,1,0.7455,55.0,46.0,0.7912
INV006218,2025-07-13,20.9,mid_market,0,2,0,0.7531,38.0,54.5,0.7947
INV006220,2025-08-01,41.66,mid_market,3,2,1,0.7805,119.0,58.8,0.8071
INV006221,2025-08-05,5.25,mid_market,1,0,1,0.4704,45.0,43.1,0.635
INV006219,2025-08-06,17.8,mid_market,2,2,1,0.708,85.0,49.9,0.7731
INV006222,2025-08-24,26.43,mid_market,0,2,0,0.7995,25.0,61.4,0.8153
INV006224,2025-09-07,13.79,mid_market,1,1,1,0.6766,64.0,49.3,0.7571
INV006223,2025-09-21,6.56,mid_market,1,0,1,0.5013,64.0,45.1,0.655
INV006225,2025-10-18,6.3,mid_market,1,0,1,0.5812,55.0,43.4,0.7041
INV006226,2025-11-08,9.93,mid_market,0,2,0,0.637,44.0,49.6,0.736
INV006253,2025-07-03,4.32,smb,0,1,0,0.8592,24.0,48.2,0.8394
INV006255,2025-08-06,15.75,smb,1,2,1,0.8923,40.0,45.8,0.8516
INV006254,2025-08-25,4.86,smb,1,1,1,0.7469,32.0,42.1,0.7918
INV006256,2025-09-17,9.77,smb,1,1,1,0.8487,49.0,44.1,0.8353
INV006258,2025-11-09,14.79,smb,1,1,1,0.6604,46.0,44.2,0.7486
INV006257,2025-11-15,5.07,smb,1,1,1,0.6164,38.0,41.5,0.7245
INV006290,2025-07-16,14.76,mid_market,1,2,1,0.6287,75.0,53.3,0.7314
INV006291,2025-07-28,26.32,mid_market,1,0,1,0.5906,47.0,50.9,0.7097
INV006292,2025-08-19,24.04,mid_market,1,2,1,0.6806,63.0,54.1,0.7592
INV006293,2025-08-19,28.01,mid_market,0,1,0,0.6344,38.0,55.1,0.7345
INV006294,2025-09-06,12.57,mid_market,1,0,1,0.4921,56.0,49.3,0.6491
INV006295,2025-09-24,35.61,mid_market,1,1,1,0.6277,79.0,57.3,0.7308
INV006297,2025-10-04,12.4,mid_market,1,0,1,0.4605,68.0,49.0,0.6285
INV006296,2025-10-25,23.44,mid_market,1,0,1,0.5768,66.0,52.9,0.7016
INV006322,2025-07-04,21.34,smb,2,1,1,0.7242,76.0,35.5,0.781
INV006323,2025-08-13,21.1,smb,1,2,1,0.7442,43.0,37.9,0.7906
INV006324,2025-08-22,6.98,smb,1,2,1,0.6326,54.0,35.7,0.7335
INV006325,2025-09-07,6.58,smb,1,1,1,0.6614,50.0,35.1,0.7492
INV006326,2025-09-15,4.18,smb,0,0,0,0.3541,17.0,36.1,0.556
INV006391,2025-07-02,8.52,enterprise,0,1,0,0.4788,41.0,66.9,0.6405
INV006390,2025-07-08,30.23,enterprise,2,1,1,0.6412,101.0,78.1,0.7382
INV006387,2025-07-16,95.17,enterprise,2,2,1,0.775,108.0,78.1,0.8046
INV006392,2025-07-18,12.94,enterprise,0,1,0,0.6413,56.0,68.6,0.7383
INV006389,2025-07-20,51.84,enterprise,1,2,1,0.7462,62.0,78.5,0.7915
INV006388,2025-07-25,130.74,enterprise,1,2,1,0.6401,72.0,81.2,0.7377
INV006394,2025-08-11,132.94,enterprise,1,2,1,0.7976,75.0,82.6,0.8145
INV006395,2025-08-12,60.57,enterprise,1,2,1,0.7352,81.0,75.5,0.7863
INV006393,2025-08-24,30.24,enterprise,1,2,1,0.7817,68.0,77.6,0.8076
INV006396,2025-09-25,71.29,enterprise,0,2,0,0.6266,64.0,74.1,0.7302
INV006397,2025-10-19,36.97,enterprise,1,2,1,0.7414,65.0,77.2,0.7892
INV006437,2025-07-07,24.84,mid_market,2,0,1,0.669,93.0,50.2,0.7532
INV006438,2025-07-07,53.89,mid_market,1,1,1,0.4533,61.0,52.0,0.6237
INV006439,2025-08-20,36.11,mid_market,1,2,1,0.6524,64.0,56.1,0.7444
INV006441,2025-09-05,30.75,mid_market,1,1,1,0.5873,76.0,51.9,0.7078
INV006443,2025-09-05,12.87,mid_market,1,0,1,0.3836,53.0,46.3,0.5764
INV006440,2025-09-13,23.6,mid_market,1,0,1,0.6439,71.0,51.1,0.7397
INV006442,2025-09-28,39.58,mid_market,1,0,1,0.4756,57.0,47.8,0.6384
INV006444,2025-10-14,16.93,mid_market,0,1,0,0.6259,40.0,49.5,0.7298
INV006445,2025-10-22,14.76,mid_market,1,2,1,0.6673,65.0,49.9,0.7523
INV006486,2025-07-15,12.1,mid_market,1,1,1,0.5649,54.0,49.1,0.6945
INV006487,2025-08-11,25.93,mid_market,0,2,0,0.8005,48.0,57.4,0.8157
INV006489,2025-08-17,32.39,mid_market,1,2,1,0.6373,52.0,51.6,0.7361
INV006488,2025-08-19,6.61,mid_market,0,0,0,0.4541,42.0,43.6,0.6242
INV006490,2025-10-01,27.78,mid_market,1,2,1,0.8086,72.0,58.7,0.8191
INV006491,2025-10-08,11.9,mid_market,2,2,1,0.5606,75.0,48.9,0.6919
INV006493,2025-11-17,20.44,mid_market,0,1,0,0.7341,43.0,49.5,0.7858
INV006517,2025-08-22,13.93,smb,1,2,1,0.9202,49.0,49.4,0.8613
INV006518,2025-10-05,5.46,smb,1,2,1,0.8842,38.0,47.3,0.8487
INV006546,2025-07-27,15.81,mid_market,0,0,0,0.461,38.0,36.5,0.6288
INV006547,2025-08-05,15.54,mid_market,0,0,0,0.4037,29.0,43.6,0.5903
INV006548,2025-08-24,19.03,mid_market,1,0,1,0.5636,47.0,42.9,0.6937
INV006552,2025-10-09,7.25,mid_market,0,0,0,0.4195,42.0,43.1,0.601
INV006551,2025-10-10,8.81,mid_market,0,0,0,0.4019,26.0,41.6,0.5891
INV006550,2025-10-21,10.15,mid_market,1,0,1,0.3543,67.0,42.6,0.5561
INV006549,2025-10-27,10.16,mid_market,0,0,0,0.1401,22.0,34.4,0.406
INV006577,2025-08-05,6.03,smb,2,1,1,0.5249,66.0,35.5,0.6699
INV006578,2025-09-02,13.13,smb,1,1,1,0.5992,37.0,35.4,0.7146
INV006579,2025-09-26,13.2,smb,0,1,0,0.6995,25.0,30.5,0.7689
INV006580,2025-11-11,7.26,smb,1,1,1,0.7437,39.0,35.5,0.7903
INV006604,2025-08-10,7.22,smb,0,0,0,0.4471,31.0,31.8,0.6196
INV006602,2025-08-19,5.28,smb,0,0,0,0.2074,27.0,30.3,0.4526
INV006603,2025-08-23,5.78,smb,0,0,0,0.2147,27.0,30.5,0.4577
INV006605,2025-10-26,20.79,smb,1,0,1,0.677,27.0,26.5,0.7574
INV006608,2025-11-04,3.44,smb,0,0,0,0.5434,18.0,27.3,0.6814
INV006606,2025-11-19,5.23,smb,1,0,1,0.2273,39.0,30.1,0.4666
INV006607,2025-11-26,2.85,smb,0,0,0,0.2294,19.0,24.0,0.468
INV006630,2025-07-20,17.3,smb,1,1,1,0.577,39.0,35.2,0.7017
INV006629,2025-07-27,8.95,smb,1,1,1,0.6272,28.0,29.5,0.7305
INV006631,2025-10-11,1.43,smb,1,0,1,0.5693,31.0,31.5,0.6971
INV006655,2025-08-09,8.49,smb,1,2,1,0.4406,43.0,37.1,0.6153
INV006656,2025-08-15,7.58,smb,1,2,1,0.67,52.0,35.6,0.7537
INV006657,2025-08-23,3.2,smb,1,2,1,0.7936,39.0,30.1,0.8127
INV006658,2025-11-04,4.23,smb,1,0,1,0.5095,41.0,37.1,0.6602
INV006661,2025-12-12,3.69,smb,0,0,0,0.6269,17.0,31.0,0.7303
INV006693,2025-07-10,12.87,smb,1,1,1,0.8275,43.0,36.8,0.8269
INV006695,2025-08-14,9.96,smb,0,1,0,0.7841,15.0,36.2,0.8086
INV006696,2025-08-19,3.67,smb,1,1,1,0.6942,39.0,31.2,0.7662
INV006694,2025-08-21,20.59,smb,1,1,1,0.6316,44.0,36.2,0.733
INV006697,2025-08-27,10.87,smb,1,1,1,0.7576,37.0,34.2,0.7968
INV006698,2025-08-28,4.25,smb,0,1,0,0.7638,12.0,32.8,0.7996
INV006699,2025-10-02,16.31,smb,1,1,1,0.6395,59.0,35.6,0.7373
INV006700,2025-10-19,8.14,smb,0,1,0,0.7538,28.0,36.6,0.795
INV006701,2025-11-23,6.92,smb,0,1,0,0.6609,17.0,38.3,0.7489
INV006730,2025-09-07,17.27,mid_market,1,1,1,0.6822,55.0,50.4,0.76
INV006729,2025-09-09,10.4,mid_market,0,0,0,0.494,40.0,47.0,0.6503
INV006731,2025-10-05,26.19,mid_market,1,2,1,0.5774,56.0,57.2,0.7019
INV006738,2025-11-13,16.07,mid_market,0,0,0,0.5143,39.0,49.7,0.6633
INV006773,2025-07-21,17.78,mid_market,0,2,0,0.6371,42.0,52.3,0.736
INV006774,2025-08-10,63.2,mid_market,1,1,1,0.7587,62.0,57.9,0.7973
INV006775,2025-09-28,29.47,mid_market,2,0,1,0.6761,90.0,57.1,0.7569
INV006776,2025-10-04,22.91,mid_market,1,2,1,0.7394,62.0,55.4,0.7883
INV006777,2025-10-11,7.52,mid_market,1,0,1,0.4638,51.0,47.4,0.6307
INV006828,2025-09-22,18.26,mid_market,1,1,1,0.8151,59.0,51.6,0.8218
INV006827,2025-09-27,18.28,mid_market,1,2,1,0.7468,60.0,45.8,0.7918
INV006834,2025-11-12,16.99,mid_market,0,2,0,0.8623,40.0,53.3,0.8405
INV006832,2025-11-13,17.24,mid_market,0,2,0,0.8501,35.0,51.5,0.8359
INV006836,2025-12-01,14.77,mid_market,0,2,0,0.8188,30.0,50.0,0.8234
INV006897,2025-07-04,62.17,enterprise,1,2,1,0.8663,84.0,83.4,0.8421
INV006894,2025-07-10,37.35,enterprise,1,3,1,0.8683,87.0,84.4,0.8428
INV006898,2025-07-10,18.95,enterprise,0,1,0,0.9022,43.0,76.9,0.8551
INV006895,2025-07-16,19.48,enterprise,1,2,1,0.8764,72.0,75.4,0.8458
INV006896,2025-07-23,20.49,enterprise,1,2,1,0.8781,61.0,79.1,0.8464
INV006903,2025-08-05,44.05,enterprise,1,3,1,0.9036,79.0,89.7,0.8556
INV006900,2025-08-06,38.94,enterprise,1,2,1,0.8432,66.0,82.8,0.8332
INV006902,2025-08-06,30.58,enterprise,0,2,0,0.8415,55.0,82.9,0.8325
INV006901,2025-08-14,29.59,enterprise,1,3,1,0.8941,78.0,87.6,0.8522
INV006899,2025-08-16,53.53,enterprise,1,2,1,0.7935,80.0,81.6,0.8127
INV006904,2025-09-17,30.43,enterprise,1,2,1,0.8323,74.0,84.9,0.8288
INV006905,2025-10-19,26.57,enterprise,1,2,1,0.8793,62.0,88.2,0.8469
INV006952,2025-07-09,30.52,mid_market,2,2,1,0.6797,83.0,60.7,0.7587
INV006951,2025-07-19,26.34,mid_market,0,2,0,0.7457,45.0,64.5,0.7912
INV006950,2025-07-28,19.6,mid_market,2,1,1,0.7502,85.0,45.1,0.7933
INV006953,2025-08-06,30.32,mid_market,2,2,1,0.8121,77.0,60.3,0.8206
INV006954,2025-08-28,20.85,mid_market,1,1,1,0.7163,75.0,50.8,0.7772
INV006955,2025-09-08,10.26,mid_market,2,2,1,0.8111,92.0,56.6,0.8202
INV006956,2025-09-28,13.82,mid_market,2,1,1,0.6279,80.0,49.9,0.7309
INV006959,2025-11-03,15.22,mid_market,1,2,1,0.8658,57.0,54.4,0.8419
INV006982,2025-07-26,9.38,smb,0,0,0,0.2746,19.0,26.0,0.5
INV006983,2025-08-02,6.26,smb,1,1,1,0.637,39.0,31.3,0.736
INV006984,2025-10-11,5.6,smb,1,0,1,0.4191,46.0,33.3,0.6007
INV006985,2025-11-27,5.31,smb,0,0,0,0.5674,25.0,27.4,0.6959
INV007012,2025-07-16,4.83,smb,0,2,0,0.8944,28.0,50.0,0.8524
INV007013,2025-08-17,15.31,smb,1,2,1,0.8014,45.0,46.8,0.8161
INV007014,2025-09-25,2.19,smb,0,1,0,0.7321,31.0,41.9,0.7848
INV007015,2025-10-06,14.98,smb,1,2,1,0.8671,36.0,45.6,0.8424
INV007080,2025-07-12,101.98,enterprise,3,2,1,0.88,138.0,96.5,0.8471
INV007079,2025-07-19,57.85,enterprise,1,3,1,0.9509,71.0,98.3,0.8714
INV007081,2025-08-03,26.09,enterprise,1,2,1,0.9496,79.0,101.0,0.8709
INV007082,2025-09-01,22.36,enterprise,1,2,1,0.9402,86.0,94.7,0.8679
INV007085,2025-09-06,34.47,enterprise,2,3,1,0.9128,103.0,95.1,0.8588
INV007084,2025-09-18,82.48,enterprise,2,3,1,0.942,98.0,98.5,0.8685
INV007087,2025-10-03,21.23,enterprise,0,2,0,0.9252,58.0,95.8,0.863
INV007088,2025-10-18,25.2,enterprise,1,2,1,0.9325,60.0,97.5,0.8654
INV007110,2025-07-14,10.83,smb,2,2,1,0.9401,75.0,50.8,0.8679
INV007113,2025-08-02,7.26,smb,2,2,1,0.801,86.0,50.9,0.8159
INV007112,2025-08-03,9.33,smb,1,2,1,0.9094,55.0,53.4,0.8576
INV007111,2025-08-16,13.57,smb,1,2,1,0.8835,52.0,53.4,0.8484
INV007149,2025-07-02,26.07,mid_market,1,2,1,0.6097,74.0,55.6,0.7207
INV007150,2025-07-25,10.01,mid_market,2,1,1,0.5572,82.0,51.0,0.6898
INV007151,2025-09-11,12.77,mid_market,1,1,1,0.5935,75.0,49.2,0.7114
INV007176,2025-08-06,10.56,smb,0,2,0,0.6462,20.0,37.1,0.741
INV007177,2025-08-27,5.61,smb,1,0,1,0.3569,38.0,32.9,0.5579
INV007178,2025-09-19,13.15,smb,0,0,0,0.6116,32.0,37.3,0.7217
INV007179,2025-10-06,20.12,smb,1,1,1,0.4874,59.0,37.7,0.6461
INV007181,2025-12-11,13.36,smb,0,2,0,0.6561,18.0,37.4,0.7463
INV007203,2025-07-04,6.0,smb,0,1,0,0.6569,21.0,34.5,0.7468
INV007204,2025-08-15,5.59,smb,1,1,1,0.6489,40.0,36.6,0.7424
INV007205,2025-08-23,9.16,smb,1,0,1,0.4695,50.0,36.1,0.6344
INV007206,2025-10-11,14.62,smb,1,1,1,0.791,42.0,37.3,0.8116
INV007246,2025-07-06,17.17,mid_market,3,2,1,0.7706,137.0,61.6,0.8027
INV007248,2025-08-12,10.19,mid_market,2,2,1,0.8532,93.0,58.8,0.8371
INV007247,2025-08-20,44.95,mid_market,1,2,1,0.8202,57.0,63.1,0.8239
INV007249,2025-09-17,15.64,mid_market,1,2,1,0.9352,71.0,63.3,0.8663
INV007250,2025-10-19,5.33,mid_market,1,1,1,0.8602,64.0,53.5,0.8397
INV007269,2025-08-21,8.87,smb,1,2,1,0.6763,42.0,33.7,0.757
INV007270,2025-09-11,7.0,smb,1,0,1,0.4182,39.0,35.8,0.6001
INV007272,2025-10-03,12.27,smb,0,1,0,0.6224,20.0,35.1,0.7278
INV007271,2025-10-21,16.06,smb,1,1,1,0.5145,49.0,36.7,0.6634
INV007273,2025-11-21,1.03,smb,1,0,1,0.5016,36.0,34.2,0.6552
INV007312,2025-07-01,9.55,mid_market,1,0,1,0.5793,62.0,47.8,0.703
INV007311,2025-07-25,16.21,mid_market,1,1,1,0.6024,51.0,49.2,0.7165
INV007317,2025-08-05,4.82,mid_market,1,1,1,0.5384,56.0,47.0,0.6783
INV007316,2025-08-06,29.82,mid_market,1,2,1,0.7021,56.0,51.8,0.7702
INV007315,2025-08-09,6.82,mid_market,0,0,0,0.53,28.0,49.9,0.6731
INV007314,2025-08-17,24.03,mid_market,1,0,1,0.6795,52.0,51.5,0.7586
INV007313,2025-08-23,6.97,mid_market,2,0,1,0.5598,97.0,49.2,0.6914
INV007318,2025-08-26,33.98,mid_market,0,0,0,0.5249,39.0,42.9,0.6699
INV007320,2025-09-03,23.29,mid_market,1,2,1,0.7025,56.0,50.2,0.7703
INV007319,2025-09-26,18.13,mid_market,2,0,1,0.5292,73.0,41.2,0.6726
INV007321,2025-09-28,16.16,mid_market,0,0,0,0.4658,49.0,41.0,0.632
INV007324,2025-10-08,12.36,mid_market,0,2,0,0.6476,48.0,48.9,0.7418
INV007323,2025-10-21,5.55,mid_market,0,1,0,0.7449,26.0,44.9,0.7909
INV007344,2025-10-03,10.59,smb,1,2,1,0.9068,45.0,46.9,0.8567
INV007345,2025-10-05,2.96,smb,2,1,1,0.7002,64.0,39.9,0.7692
INV007343,2025-10-20,11.93,smb,1,2,1,0.8037,41.0,45.9,0.8171
INV007346,2025-11-28,7.29,smb,1,1,1,0.829,30.0,41.0,0.8275
INV007373,2025-07-25,3.55,smb,0,0,0,0.3132,27.0,31.6,0.5272
INV007374,2025-08-03,18.99,smb,2,0,1,0.4082,71.0,33.6,0.5933
INV007375,2025-08-04,9.09,smb,0,1,0,0.7022,17.0,32.5,0.7702
INV007376,2025-09-25,7.47,smb,1,0,1,0.6322,37.0,34.7,0.7333
INV007377,2025-10-03,2.33,smb,0,0,0,0.4089,24.0,29.3,0.5938
INV007431,2025-07-02,46.16,enterprise,1,2,1,0.8496,63.0,78.3,0.8357
INV007432,2025-07-04,22.89,enterprise,1,2,1,0.9042,90.0,78.6,0.8558
INV007433,2025-07-21,15.56,enterprise,1,2,1,0.8411,68.0,81.3,0.8323
INV007434,2025-07-22,54.02,enterprise,0,2,0,0.9063,49.0,83.7,0.8565
INV007435,2025-08-13,14.63,enterprise,0,2,0,0.8254,31.0,79.3,0.826
INV007436,2025-08-20,174.7,enterprise,1,2,1,0.8465,73.0,79.1,0.8345
INV007437,2025-09-08,136.93,enterprise,2,2,1,0.7458,112.0,81.9,0.7913
INV007441,2025-09-08,71.97,enterprise,2,2,1,0.8809,107.0,84.1,0.8475
INV007439,2025-09-11,25.7,enterprise,0,2,0,0.8344,49.0,79.5,0.8297
INV007438,2025-09-18,28.34,enterprise,0,2,0,0.8087,52.0,76.6,0.8192
INV007440,2025-09-19,57.65,enterprise,0,2,0,0.8724,34.0,79.5,0.8443
INV007442,2025-10-15,25.67,enterprise,0,2,0,0.8563,60.0,78.7,0.8383
INV007510,2025-07-05,31.39,enterprise,0,2,0,0.6121,49.0,75.5,0.7221
INV007509,2025-07-13,13.9,enterprise,1,1,1,0.6183,68.0,68.9,0.7256
INV007511,2025-07-24,19.26,enterprise,2,1,1,0.6002,103.0,72.0,0.7152
INV007512,2025-08-02,17.1,enterprise,0,2,0,0.6324,42.0,67.8,0.7334
INV007514,2025-08-15,22.03,enterprise,3,1,1,0.6868,131.0,76.1,0.7624
INV007513,2025-08-24,49.76,enterprise,1,2,1,0.8498,90.0,80.5,0.8358
INV007518,2025-09-05,115.32,enterprise,2,2,1,0.8241,99.0,82.9,0.8255
INV007516,2025-09-11,48.08,enterprise,1,2,1,0.8256,77.0,83.3,0.8261
INV007515,2025-09-14,71.53,enterprise,1,2,1,0.8425,87.0,85.4,0.8329
INV007517,2025-09-28,42.12,enterprise,0,0,0,0.5766,44.0,85.5,0.7014
INV007521,2025-10-16,21.46,enterprise,0,1,0,0.8261,39.0,85.8,0.8264
INV007522,2025-10-23,47.74,enterprise,0,3,0,0.8315,56.0,87.4,0.8285
INV007564,2025-07-26,14.29,mid_market,0,1,0,0.6736,38.0,45.8,0.7556
INV007569,2025-08-05,11.91,mid_market,1,0,1,0.5385,53.0,47.5,0.6784
INV007568,2025-08-09,16.87,mid_market,1,0,1,0.4475,54.0,49.7,0.6198
INV007567,2025-08-11,27.82,mid_market,1,2,1,0.5574,68.0,52.0,0.69
INV007565,2025-08-19,59.43,mid_market,1,1,1,0.7167,68.0,55.2,0.7774
INV007566,2025-08-25,34.61,mid_market,2,2,1,0.7085,83.0,54.3,0.7733
INV007570,2025-09-26,11.13,mid_market,1,0,1,0.3958,58.0,45.0,0.5849
INV007571,2025-10-24,19.15,mid_market,0,2,0,0.6763,38.0,50.8,0.757
INV007572,2025-11-12,14.75,mid_market,0,2,0,0.594,44.0,50.7,0.7117
INV007573,2025-12-02,16.29,mid_market,0,1,0,0.7285,19.0,50.0,0.7831
INV007594,2025-07-17,4.85,smb,1,1,1,0.6507,53.0,37.1,0.7434
INV007595,2025-08-09,3.02,smb,1,1,1,0.6461,54.0,36.4,0.7409
INV007597,2025-09-01,3.58,smb,3,1,1,0.6247,99.0,36.9,0.7292
INV007596,2025-09-22,16.18,smb,1,2,1,0.6016,39.0,43.2,0.716
INV007601,2025-10-03,6.52,smb,1,1,1,0.769,51.0,40.7,0.8019
INV007599,2025-10-25,6.29,smb,1,1,1,0.851,51.0,42.7,0.8362
INV007598,2025-10-28,6.26,smb,1,1,1,0.7839,34.0,38.6,0.8085
INV007602,2025-12-03,2.81,smb,1,1,1,0.9372,28.0,42.1,0.8669
INV007637,2025-08-08,10.19,smb,2,1,1,0.6826,72.0,40.0,0.7602
INV007636,2025-08-09,3.68,smb,0,1,0,0.7003,27.0,37.5,0.7692
INV007638,2025-09-05,1.71,smb,0,2,0,0.8105,25.0,36.9,0.8199
INV007639,2025-09-26,10.57,smb,1,1,1,0.3918,54.0,35.9,0.5821
INV007640,2025-11-05,9.77,smb,1,2,1,0.9147,49.0,41.1,0.8594
INV007672,2025-07-05,5.0,smb,0,1,0,0.7887,23.0,36.9,0.8106
INV007673,2025-08-25,3.91,smb,1,1,1,0.7809,33.0,38.9,0.8072
INV007674,2025-09-10,2.13,smb,2,1,1,0.6582,60.0,33.7,0.7474
INV007675,2025-10-23,10.49,smb,1,1,1,0.7133,55.0,38.8,0.7757
INV007676,2025-10-25,6.58,smb,1,1,1,0.498,34.0,36.6,0.6529
INV007739,2025-07-02,36.11,enterprise,2,2,1,0.888,120.0,93.7,0.85
INV007740,2025-07-09,83.67,enterprise,1,2,1,0.8775,83.0,93.3,0.8462
INV007741,2025-07-26,45.59,enterprise,1,3,1,0.8744,87.0,87.6,0.8451
INV007743,2025-08-05,27.87,enterprise,1,3,1,0.9306,73.0,99.9,0.8648
INV007742,2025-08-28,52.89,enterprise,1,2,1,0.8249,68.0,88.7,0.8259
INV007746,2025-09-01,21.16,enterprise,1,2,1,0.9357,64.0,96.0,0.8665
INV007744,2025-09-06,25.13,enterprise,2,3,1,0.9304,89.0,94.8,0.8647
INV007745,2025-09-10,77.11,enterprise,1,2,1,0.894,71.0,92.9,0.8522
INV007748,2025-09-12,85.94,enterprise,2,3,1,0.9058,101.0,97.1,0.8564
INV007749,2025-10-11,54.41,enterprise,0,3,0,0.8982,47.0,99.1,0.8537
INV007772,2025-08-17,15.99,smb,1,2,1,0.8812,28.0,48.8,0.8476
INV007775,2025-09-02,1.5,smb,1,0,1,0.4981,55.0,41.3,0.653
INV007774,2025-09-14,11.3,smb,2,2,1,0.7299,68.0,48.0,0.7838
INV007773,2025-09-18,11.83,smb,1,2,1,0.8357,33.0,46.4,0.8302
INV007776,2025-10-09,7.6,smb,2,0,1,0.8135,67.0,47.2,0.8212
INV007808,2025-08-17,8.87,smb,1,0,1,0.3885,50.0,32.4,0.5798
INV007810,2025-09-20,6.1,smb,0,1,0,0.5676,24.0,34.1,0.6961
INV007809,2025-09-25,7.47,smb,1,1,1,0.5508,47.0,33.2,0.6859
INV007811,2025-11-02,2.78,smb,0,0,0,0.5791,21.0,33.8,0.7029
INV007839,2025-07-12,7.33,smb,2,2,1,0.8928,76.0,51.1,0.8518
INV007840,2025-08-15,26.43,smb,0,2,0,0.875,31.0,54.5,0.8453
INV007841,2025-09-15,2.58,smb,2,2,1,0.7731,73.0,51.2,0.8038
INV007842,2025-09-22,3.65,smb,2,2,1,0.911,72.0,49.1,0.8582
INV007843,2025-09-25,7.19,smb,2,2,1,0.9372,64.0,55.2,0.8669
INV007891,2025-07-12,21.44,mid_market,1,0,1,0.7086,49.0,44.3,0.7734
INV007890,2025-07-18,46.61,mid_market,2,1,1,0.6158,89.0,53.0,0.7242
INV007894,2025-08-06,18.22,mid_market,0,0,0,0.5568,27.0,47.0,0.6896
INV007895,2025-08-11,22.5,mid_market,1,0,1,0.5173,73.0,46.7,0.6652
INV007893,2025-08-14,20.92,mid_market,2,1,1,0.5232,80.0,46.0,0.6689
INV007892,2025-08-19,21.38,mid_market,3,0,1,0.527,117.0,44.1,0.6712
INV007896,2025-10-25,7.7,mid_market,0,0,0,0.6533,21.0,43.1,0.7448
INV007917,2025-08-06,6.52,smb,1,1,1,0.5644,58.0,32.6,0.6942
INV007916,2025-08-21,10.91,smb,0,0,0,0.5888,15.0,35.4,0.7086
INV007918,2025-09-05,4.26,smb,0,1,0,0.639,10.0,30.3,0.737
INV007919,2025-10-24,3.8,smb,0,0,0,0.3143,19.0,30.3,0.528
INV007920,2025-11-23,1.63,smb,0,0,0,0.5207,22.0,28.3,0.6673
INV007984,2025-08-01,92.9,enterprise,0,2,0,0.7197,47.0,82.2,0.7788
INV007985,2025-09-06,20.9,enterprise,1,2,1,0.8106,90.0,81.5,0.8199
INV008044,2025-07-05,50.34,enterprise,1,3,1,0.8873,87.0,80.5,0.8498
INV008042,2025-07-08,53.49,enterprise,1,2,1,0.9469,71.0,93.5,0.8701
INV008046,2025-07-14,43.3,enterprise,2,3,1,0.9548,107.0,94.6,0.8726
INV008043,2025-07-15,58.64,enterprise,0,3,0,0.9727,53.0,95.1,0.8781
INV008040,2025-07-24,26.36,enterprise,1,2,1,0.9548,81.0,92.8,0.8726
INV008041,2025-07-25,72.31,enterprise,0,2,0,0.9066,33.0,95.1,0.8566
INV008045,2025-07-27,75.46,enterprise,1,2,1,0.922,91.0,91.6,0.8619
INV008048,2025-08-06,58.51,enterprise,2,2,1,0.9704,113.0,97.5,0.8774
INV008049,2025-08-11,31.11,enterprise,2,2,1,0.9601,116.0,91.7,0.8742
INV008047,2025-08-23,30.47,enterprise,1,2,1,0.9255,82.0,90.2,0.8631
INV008050,2025-09-02,61.34,enterprise,1,3,1,0.944,94.0,95.8,0.8692
INV008051,2025-09-03,37.18,enterprise,1,2,1,0.8988,92.0,92.2,0.8539
INV008054,2025-10-09,44.47,enterprise,0,3,0,0.8844,54.0,91.2,0.8488
INV008056,2025-10-09,28.75,enterprise,0,2,0,0.9395,53.0,94.3,0.8677
INV008052,2025-10-15,30.5,enterprise,1,2,1,0.9404,66.0,91.3,0.868
INV008109,2025-07-05,45.49,enterprise,1,2,1,0.7326,87.0,87.7,0.785
INV008110,2025-07-08,30.1,enterprise,1,3,1,0.6666,75.0,84.7,0.7519
INV008111,2025-07-28,30.33,enterprise,2,2,1,0.6589,107.0,84.5,0.7478
INV008114,2025-08-08,37.21,enterprise,2,3,1,0.8551,90.0,96.1,0.8378
INV008113,2025-08-10,32.53,enterprise,1,3,1,0.7894,85.0,94.4,0.8109
INV008112,2025-08-13,94.29,enterprise,2,2,1,0.9097,114.0,96.8,0.8577
INV008115,2025-09-05,50.85,enterprise,0,3,0,0.8769,57.0,92.1,0.846
INV008116,2025-09-23,37.18,enterprise,1,3,1,0.9046,87.0,94.7,0.8559
INV008120,2025-10-03,30.04,enterprise,0,3,0,0.922,44.0,98.5,0.8619
INV008117,2025-10-24,43.14,enterprise,1,3,1,0.9305,65.0,98.0,0.8648
INV008165,2025-07-08,35.01,mid_market,0,2,0,0.7521,43.0,60.2,0.7942
INV008171,2025-08-08,19.29,mid_market,1,2,1,0.7302,49.0,50.3,0.7839
INV008167,2025-08-11,15.78,mid_market,1,0,1,0.6075,61.0,49.5,0.7194
INV008168,2025-08-16,38.68,mid_market,2,2,1,0.6649,86.0,52.7,0.751
INV008170,2025-08-16,10.2,mid_market,2,2,1,0.6053,91.0,51.3,0.7182
INV008169,2025-08-22,30.98,mid_market,1,2,1,0.8648,68.0,57.2,0.8415
INV008166,2025-08-27,40.87,mid_market,1,2,1,0.8613,70.0,53.6,0.8402
INV008173,2025-09-11,3.21,mid_market,0,1,0,0.8176,22.0,48.3,0.8229
INV008172,2025-09-27,22.95,mid_market,1,1,1,0.8594,66.0,56.0,0.8394
INV008176,2025-10-14,25.73,mid_market,1,2,1,0.8971,65.0,55.7,0.8533
INV008175,2025-10-18,6.07,mid_market,0,2,0,0.854,47.0,46.5,0.8374
INV008222,2025-07-25,10.79,mid_market,0,2,0,0.7094,40.0,54.8,0.7738
INV008223,2025-08-10,21.5,mid_market,2,2,1,0.7842,84.0,61.7,0.8087
INV008224,2025-08-27,11.78,mid_market,1,2,1,0.6781,59.0,52.2,0.7579
INV008280,2025-07-05,51.65,enterprise,2,2,1,0.8986,97.0,91.2,0.8538
INV008279,2025-07-25,61.6,enterprise,2,2,1,0.7877,109.0,88.9,0.8102
INV008282,2025-08-07,88.24,enterprise,2,2,1,0.927,115.0,96.7,0.8636
INV008284,2025-08-10,24.29,enterprise,2,2,1,0.9036,92.0,92.3,0.8556
INV008281,2025-08-19,36.79,enterprise,2,2,1,0.9115,95.0,96.2,0.8583
INV008311,2025-07-05,11.3,smb,2,2,1,0.7853,74.0,37.6,0.8092
INV008310,2025-07-22,8.26,smb,0,1,0,0.7917,13.0,38.1,0.8119
INV008312,2025-09-03,11.7,smb,2,2,1,0.8589,65.0,36.5,0.8392
INV008313,2025-10-28,11.5,smb,1,0,1,0.7491,61.0,33.1,0.7928
INV008314,2025-10-28,4.82,smb,1,1,1,0.7778,38.0,31.2,0.8058
INV008315,2025-11-03,14.05,smb,1,1,1,0.8887,44.0,40.5,0.8503
INV008316,2025-11-13,2.35,smb,1,2,1,0.7987,35.0,34.7,0.815
INV008372,2025-07-10,35.56,enterprise,2,2,1,0.8352,112.0,82.9,0.83
INV008373,2025-07-23,27.97,enterprise,0,2,0,0.8999,46.0,86.8,0.8543
INV008374,2025-07-25,31.77,enterprise,1,2,1,0.8551,60.0,87.6,0.8378
INV008375,2025-08-06,66.14,enterprise,1,2,1,0.9298,64.0,87.8,0.8645
INV008377,2025-08-10,42.55,enterprise,2,2,1,0.8908,92.0,87.2,0.8511
INV008376,2025-08-20,64.86,enterprise,1,2,1,0.9355,64.0,89.1,0.8664
INV008378,2025-09-03,15.89,enterprise,1,2,1,0.8661,84.0,79.1,0.842
INV008379,2025-09-03,41.25,enterprise,0,2,0,0.848,40.0,81.7,0.8351
INV008381,2025-09-05,50.48,enterprise,2,2,1,0.8695,106.0,85.3,0.8432
INV008382,2025-09-20,94.69,enterprise,0,2,0,0.8688,49.0,87.3,0.843
INV008380,2025-09-26,34.29,enterprise,1,2,1,0.8477,66.0,77.8,0.8349
INV008385,2025-10-02,14.98,enterprise,0,2,0,0.8475,58.0,76.6,0.8349
INV008384,2025-10-03,58.16,enterprise,2,2,1,0.9258,87.0,85.8,0.8632
INV008383,2025-10-09,14.92,enterprise,0,2,0,0.884,60.0,77.8,0.8486
INV008424,2025-07-14,5.19,smb,0,1,0,0.5391,31.0,37.4,0.6788
INV008425,2025-07-18,1.85,smb,0,0,0,0.6721,26.0,32.1,0.7548
INV008423,2025-07-21,1.72,smb,1,0,1,0.5629,30.0,33.1,0.6932
INV008426,2025-08-18,30.96,smb,1,1,1,0.634,48.0,37.6,0.7343
INV008427,2025-08-27,3.22,smb,0,0,0,0.3192,24.0,30.3,0.5314
INV008428,2025-09-12,7.82,smb,0,1,0,0.772,20.0,35.6,0.8033
INV008429,2025-09-22,3.97,smb,1,0,1,0.4208,42.0,34.5,0.6019
INV008430,2025-10-16,4.45,smb,1,0,1,0.6043,34.0,36.7,0.7176
INV008483,2025-07-04,9.28,enterprise,1,2,1,0.7386,71.0,82.7,0.7879
INV008482,2025-07-10,32.09,enterprise,1,3,1,0.9131,85.0,96.4,0.8589
INV008484,2025-07-12,22.73,enterprise,1,2,1,0.917,59.0,94.7,0.8602
INV008485,2025-07-21,124.98,enterprise,3,3,1,0.9473,123.0,103.1,0.8702
INV008486,2025-07-22,44.83,enterprise,2,3,1,0.919,106.0,101.7,0.8609
INV008481,2025-07-26,87.93,enterprise,1,2,1,0.9032,79.0,86.8,0.8555
INV008487,2025-07-27,34.52,enterprise,2,3,1,0.9422,104.0,90.2,0.8686
INV008490,2025-08-06,58.75,enterprise,2,2,1,0.9574,99.0,91.8,0.8734
INV008489,2025-08-07,58.88,enterprise,1,2,1,0.925,81.0,96.8,0.8629
INV008491,2025-08-12,127.36,enterprise,2,3,1,0.9283,106.0,101.6,0.864
INV008488,2025-08-21,18.61,enterprise,2,2,1,0.9446,106.0,90.0,0.8693
INV008495,2025-10-01,66.68,enterprise,0,2,0,0.9737,52.0,94.4,0.8784
INV008493,2025-10-13,30.18,enterprise,1,3,1,0.9348,64.0,97.0,0.8662
INV008494,2025-10-21,25.87,enterprise,1,2,1,0.9357,67.0,96.0,0.8664
INV008524,2025-07-17,15.72,smb,1,2,1,0.8539,47.0,42.8,0.8373
INV008525,2025-09-21,5.71,smb,1,1,1,0.6735,46.0,40.8,0.7555
INV008526,2025-10-03,3.93,smb,2,1,1,0.8661,59.0,38.5,0.842
INV008580,2025-07-04,19.64,enterprise,2,2,1,0.9418,119.0,86.5,0.8684
INV008579,2025-07-13,47.61,enterprise,2,3,1,0.9343,107.0,95.1,0.866
INV008578,2025-07-15,20.63,enterprise,2,2,1,0.9365,98.0,90.3,0.8667
INV008581,2025-07-21,39.67,enterprise,1,3,1,0.9149,65.0,94.9,0.8595
INV008582,2025-08-21,28.63,enterprise,2,2,1,0.955,102.0,97.5,0.8726
INV008584,2025-09-08,14.19,enterprise,2,2,1,0.9148,98.0,95.2,0.8595
INV008628,2025-07-17,14.48,mid_market,1,2,1,0.5812,61.0,51.7,0.7042
INV008626,2025-07-23,55.34,mid_market,2,2,1,0.7294,85.0,57.0,0.7836
INV008627,2025-07-23,16.04,mid_market,1,2,1,0.6606,58.0,51.6,0.7487
INV008629,2025-07-23,30.94,mid_market,1,2,1,0.7727,44.0,57.6,0.8036
INV008630,2025-08-20,15.82,mid_market,0,2,0,0.6991,40.0,52.6,0.7686
INV008631,2025-08-27,29.49,mid_market,2,2,1,0.8121,77.0,51.9,0.8206
INV008633,2025-09-04,24.92,mid_market,1,2,1,0.7951,60.0,55.9,0.8134
INV008634,2025-09-06,42.29,mid_market,1,2,1,0.7016,55.0,55.8,0.7699
INV008632,2025-09-22,29.73,mid_market,1,2,1,0.9148,50.0,60.5,0.8595
INV008637,2025-10-07,48.11,mid_market,1,2,1,0.8381,58.0,57.4,0.8311
INV008635,2025-10-10,37.2,mid_market,0,2,0,0.8573,27.0,54.6,0.8387
INV008636,2025-10-19,12.32,mid_market,0,2,0,0.8452,41.0,53.4,0.8339
INV008639,2025-11-08,22.96,mid_market,0,2,0,0.8349,31.0,57.4,0.8299
INV008674,2025-08-20,4.04,smb,1,2,1,0.8768,26.0,40.5,0.846
INV008676,2025-09-14,2.94,smb,1,0,1,0.6554,44.0,41.0,0.746
INV008675,2025-09-16,4.85,smb,2,1,1,0.8365,66.0,37.1,0.8305
INV008680,2025-10-02,6.49,smb,1,1,1,0.6863,61.0,38.9,0.7621
INV008677,2025-10-14,12.02,smb,2,1,1,0.763,63.0,40.1,0.7992
INV008678,2025-10-16,4.62,smb,0,1,0,0.6706,15.0,39.3,0.754
INV008681,2025-11-27,2.35,smb,0,1,0,0.6454,16.0,34.3,0.7405
INV008736,2025-07-13,8.21,mid_market,1,2,1,0.7581,69.0,46.3,0.797
INV008737,2025-07-24,6.03,mid_market,0,1,0,0.7528,36.0,45.4,0.7946
INV008740,2025-08-01,7.81,mid_market,1,1,1,0.7503,51.0,46.9,0.7934
INV008738,2025-08-07,10.0,mid_market,2,1,1,0.7867,98.0,50.5,0.8098
INV008739,2025-08-09,3.72,mid_market,0,1,0,0.7466,32.0,45.0,0.7917
INV008741,2025-08-10,22.47,mid_market,1,1,1,0.8377,61.0,51.2,0.831
INV008744,2025-10-09,51.93,mid_market,1,2,1,0.8487,46.0,53.4,0.8353
INV008776,2025-07-10,12.45,smb,2,2,1,0.9286,80.0,54.1,0.8641
INV008778,2025-07-11,8.4,smb,1,2,1,0.8177,46.0,54.2,0.8229
INV008777,2025-07-15,15.7,smb,1,2,1,0.8404,59.0,54.3,0.8321
INV008779,2025-08-14,5.06,smb,1,2,1,0.8861,44.0,52.0,0.8494
INV008780,2025-08-20,3.76,smb,1,2,1,0.8456,49.0,50.9,0.8341
INV008781,2025-09-19,6.47,smb,2,2,1,0.8911,68.0,53.8,0.8512
INV008782,2025-09-24,13.38,smb,2,2,1,0.8739,83.0,54.1,0.8449
INV008808,2025-07-06,12.74,smb,1,2,1,0.6299,29.0,37.9,0.732
INV008809,2025-08-13,5.29,smb,1,2,1,0.445,53.0,39.1,0.6182
INV008810,2025-09-23,6.0,smb,0,1,0,0.6266,13.0,36.9,0.7302
INV008811,2025-11-18,2.75,smb,1,1,1,0.7171,32.0,34.5,0.7776
INV008849,2025-07-06,10.0,smb,1,1,1,0.7593,54.0,36.6,0.7975
INV008851,2025-07-13,8.69,smb,1,1,1,0.8364,46.0,33.7,0.8305
INV008852,2025-07-16,2.47,smb,0,0,0,0.4486,22.0,32.6,0.6206
INV008850,2025-07-21,10.48,smb,1,1,1,0.7271,37.0,36.3,0.7824
INV008853,2025-09-13,3.86,smb,0,2,0,0.7149,29.0,37.5,0.7765
INV008854,2025-09-21,2.91,smb,0,1,0,0.7442,21.0,32.0,0.7906
INV008855,2025-10-18,2.83,smb,1,2,1,0.7822,36.0,32.5,0.8078
INV008856,2025-11-02,6.51,smb,1,1,1,0.804,47.0,35.6,0.8172
INV008918,2025-07-09,106.17,enterprise,2,2,1,0.7461,114.0,83.1,0.7914
INV008917,2025-07-13,135.27,enterprise,2,3,1,0.9126,91.0,88.1,0.8587
INV008920,2025-07-16,67.67,enterprise,2,2,1,0.8789,91.0,82.8,0.8467
INV008919,2025-07-18,43.95,enterprise,3,2,1,0.8426,126.0,82.8,0.8329
INV008921,2025-08-19,64.02,enterprise,1,2,1,0.9596,69.0,90.7,0.8741
INV008922,2025-09-04,67.7,enterprise,1,2,1,0.9023,77.0,86.1,0.8551
INV008923,2025-09-16,45.73,enterprise,1,2,1,0.9614,76.0,89.8,0.8746
INV008924,2025-09-27,31.74,enterprise,0,2,0,0.9123,50.0,85.2,0.8586
INV008925,2025-10-01,23.24,enterprise,0,2,0,0.9035,42.0,79.7,0.8556
INV008927,2025-10-24,64.06,enterprise,1,2,1,0.915,58.0,86.8,0.8595
INV008929,2025-11-06,129.38,enterprise,0,2,0,0.9242,52.0,88.9,0.8626
INV008961,2025-08-03,4.23,smb,1,1,1,0.8354,32.0,42.8,0.8301
INV008963,2025-09-10,3.06,smb,2,1,1,0.8759,64.0,43.9,0.8456
INV008962,2025-09-15,4.8,smb,0,1,0,0.9173,23.0,42.5,0.8603
INV009011,2025-07-01,45.79,enterprise,1,2,1,0.7839,63.0,75.1,0.8086
INV009012,2025-08-01,18.99,enterprise,1,1,1,0.7629,86.0,68.4,0.7992
INV009013,2025-08-06,75.37,enterprise,0,2,0,0.8727,46.0,79.4,0.8445
INV009014,2025-09-24,105.27,enterprise,1,2,1,0.756,63.0,81.6,0.796
INV009015,2025-09-25,104.98,enterprise,0,2,0,0.7831,60.0,78.2,0.8082
INV009016,2025-10-09,14.64,enterprise,0,2,0,0.7435,58.0,80.5,0.7902
INV009046,2025-07-28,2.71,smb,1,0,1,0.4674,50.0,32.5,0.633
INV009047,2025-08-12,2.75,smb,1,0,1,0.525,44.0,33.0,0.67
INV009048,2025-09-28,2.59,smb,1,0,1,0.5432,35.0,35.9,0.6813
INV009049,2025-10-02,8.5,smb,1,0,1,0.5899,33.0,38.8,0.7092
INV009053,2025-11-10,1.2,smb,1,0,1,0.5166,42.0,32.9,0.6647
INV009080,2025-07-14,4.05,smb,2,2,1,0.8146,78.0,51.3,0.8216
INV009079,2025-07-27,2.9,smb,1,2,1,0.716,41.0,44.3,0.7771
INV009081,2025-08-22,10.26,smb,1,2,1,0.761,39.0,55.0,0.7983
INV009082,2025-08-22,20.78,smb,2,2,1,0.9019,71.0,55.2,0.855
INV009083,2025-09-05,7.42,smb,2,2,1,0.8979,73.0,55.7,0.8536
INV009087,2025-10-03,5.8,smb,2,2,1,0.7787,76.0,53.9,0.8062
INV009085,2025-10-06,8.99,smb,1,2,1,0.8605,50.0,50.8,0.8398
INV009084,2025-10-16,0.89,smb,2,2,1,0.842,72.0,49.9,0.8327
INV009086,2025-10-17,5.17,smb,2,2,1,0.8433,72.0,51.4,0.8332
INV009117,2025-07-02,3.25,smb,1,2,1,0.6773,40.0,38.9,0.7575
INV009118,2025-08-27,3.19,smb,1,1,1,0.7294,51.0,40.0,0.7836
INV009119,2025-10-09,2.63,smb,1,1,1,0.8064,30.0,38.9,0.8182
INV009177,2025-07-13,40.38,enterprise,0,2,0,0.6501,63.0,75.7,0.7431
INV009176,2025-07-20,45.26,enterprise,3,1,1,0.7675,121.0,75.1,0.8013
INV009178,2025-07-25,29.87,enterprise,2,1,1,0.7531,92.0,73.7,0.7947
INV009179,2025-07-27,175.15,enterprise,1,1,1,0.3027,65.0,74.8,0.5199
INV009183,2025-08-03,16.11,enterprise,0,1,0,0.78,41.0,73.2,0.8068
INV009181,2025-08-04,31.36,enterprise,1,1,1,0.7598,69.0,76.0,0.7978
INV009180,2025-08-21,69.52,enterprise,1,2,1,0.7431,63.0,73.5,0.79
INV009184,2025-08-21,13.03,enterprise,0,1,0,0.7516,44.0,75.0,0.794
INV009182,2025-08-25,46.83,enterprise,3,1,1,0.7031,128.0,78.3,0.7706
INV009186,2025-09-03,38.06,enterprise,0,2,0,0.8521,39.0,81.3,0.8366
INV009185,2025-09-21,168.9,enterprise,1,2,1,0.814,78.0,87.8,0.8214
INV009193,2025-10-01,96.84,enterprise,1,2,1,0.8502,66.0,83.0,0.8359
INV009192,2025-10-03,46.28,enterprise,0,2,0,0.8314,51.0,80.1,0.8285
INV009187,2025-10-17,66.67,enterprise,1,2,1,0.8007,67.0,80.8,0.8158
INV009190,2025-10-22,16.22,enterprise,0,1,0,0.7243,59.0,74.1,0.7811
INV009191,2025-10-25,71.64,enterprise,1,2,1,0.8126,61.0,80.0,0.8208
INV009189,2025-10-27,25.89,enterprise,1,0,1,0.6277,58.0,75.7,0.7308
INV009194,2025-11-03,53.7,enterprise,0,2,0,0.8276,35.0,84.3,0.8269
INV009243,2025-07-06,19.62,mid_market,3,0,1,0.6107,111.0,49.3,0.7213
INV009247,2025-07-10,6.79,mid_market,1,0,1,0.5209,72.0,45.6,0.6675
INV009245,2025-07-12,11.34,mid_market,1,0,1,0.5676,66.0,48.4,0.6961
INV009244,2025-07-16,38.91,mid_market,2,2,1,0.6804,90.0,55.2,0.7591
INV009248,2025-07-24,6.42,mid_market,1,0,1,0.7444,58.0,45.6,0.7907
INV009246,2025-07-28,16.79,mid_market,1,1,1,0.7093,52.0,42.1,0.7737
INV009249,2025-08-14,26.79,mid_market,1,2,1,0.8061,75.0,57.6,0.8181
INV009250,2025-08-28,8.67,mid_market,0,1,0,0.6583,32.0,45.0,0.7475
INV009254,2025-09-06,11.9,mid_market,0,1,0,0.7553,14.0,49.0,0.7957
INV009252,2025-09-17,36.09,mid_market,1,2,1,0.803,58.0,52.7,0.8168
INV009253,2025-09-24,77.63,mid_market,2,2,1,0.8112,78.0,59.5,0.8202
INV009256,2025-10-04,9.56,mid_market,1,2,1,0.8009,63.0,48.7,0.8159
INV009255,2025-10-28,17.41,mid_market,0,1,0,0.6892,40.0,42.6,0.7636
INV009287,2025-07-05,18.72,mid_market,2,0,1,0.5508,90.0,51.5,0.6859
INV009286,2025-07-14,17.85,mid_market,1,0,1,0.5979,46.0,52.2,0.7139
INV009288,2025-07-22,9.57,mid_market,1,2,1,0.4897,77.0,54.3,0.6476
INV009289,2025-07-23,24.24,mid_market,1,1,1,0.7354,48.0,53.3,0.7864
INV009290,2025-09-26,7.78,mid_market,1,1,1,0.5613,61.0,45.9,0.6923
INV009291,2025-09-26,24.41,mid_market,0,0,0,0.3653,28.0,47.3,0.5638
INV009345,2025-07-16,78.41,enterprise,2,3,1,0.9488,112.0,98.8,0.8707
INV009343,2025-07-25,150.23,enterprise,1,3,1,0.9337,88.0,103.4,0.8658
INV009344,2025-07-28,57.51,enterprise,1,2,1,0.7731,70.0,95.1,0.8038
INV009346,2025-08-01,69.14,enterprise,3,3,1,0.9236,145.0,98.7,0.8624
INV009348,2025-08-11,89.12,enterprise,1,3,1,0.9019,72.0,95.6,0.855
INV009347,2025-08-14,22.28,enterprise,3,2,1,0.8528,123.0,94.7,0.8369
INV009352,2025-09-14,23.36,enterprise,0,2,0,0.8965,56.0,89.4,0.8531
INV009351,2025-09-19,27.62,enterprise,2,2,1,0.8898,103.0,93.9,0.8507
INV009350,2025-09-23,25.59,enterprise,1,2,1,0.934,59.0,98.7,0.8659
INV009349,2025-09-25,73.78,enterprise,1,3,1,0.9069,83.0,99.2,0.8567
INV009353,2025-10-03,55.77,enterprise,1,3,1,0.8507,72.0,99.2,0.8361
INV009387,2025-07-01,2.56,smb,0,1,0,0.8876,23.0,44.2,0.8499
INV009388,2025-07-25,4.41,smb,1,1,1,0.7396,50.0,43.7,0.7884
INV009390,2025-09-11,9.99,smb,2,2,1,0.7067,66.0,43.6,0.7724
INV009389,2025-09-23,3.53,smb,1,1,1,0.6238,39.0,40.3,0.7287
INV009391,2025-09-27,3.23,smb,0,1,0,0.4712,24.0,36.3,0.6355
INV009415,2025-07-24,8.27,smb,0,2,0,0.52,23.0,39.2,0.6669
INV009416,2025-10-13,22.06,smb,1,2,1,0.706,44.0,37.8,0.7721
INV009455,2025-07-14,11.46,mid_market,1,1,1,0.5331,73.0,48.1,0.6751
INV009456,2025-07-24,26.59,mid_market,1,2,1,0.7238,55.0,59.1,0.7808
INV009457,2025-07-26,9.8,mid_market,1,0,1,0.4631,64.0,44.1,0.6302
INV009460,2025-08-03,17.0,mid_market,0,1,0,0.6566,39.0,49.6,0.7466
INV009459,2025-08-08,20.26,mid_market,1,2,1,0.7283,57.0,49.0,0.783
INV009461,2025-08-15,78.55,mid_market,2,2,1,0.7296,95.0,58.1,0.7836
INV009458,2025-08-18,56.06,mid_market,1,2,1,0.5246,66.0,52.9,0.6697
INV009462,2025-09-26,61.43,mid_market,0,0,0,0.8356,27.0,49.6,0.8302
INV009493,2025-07-23,3.85,smb,1,1,1,0.8385,51.0,49.2,0.8313
INV009494,2025-08-23,11.18,smb,1,2,1,0.8321,51.0,50.7,0.8288
INV009495,2025-09-14,9.65,smb,1,2,1,0.7865,55.0,50.3,0.8097
INV009497,2025-11-03,16.59,smb,1,2,1,0.8039,58.0,49.3,0.8172
INV009524,2025-08-11,2.69,smb,1,1,1,0.7628,39.0,39.6,0.7991
INV009523,2025-08-15,7.97,smb,1,2,1,0.8432,50.0,51.8,0.8332
INV009522,2025-08-19,4.37,smb,3,1,1,0.7805,92.0,44.6,0.807
INV009527,2025-09-05,1.1,smb,0,1,0,0.8274,20.0,43.5,0.8269
INV009525,2025-09-11,24.33,smb,1,2,1,0.8711,51.0,50.4,0.8438
INV009526,2025-09-23,4.21,smb,1,1,1,0.8161,55.0,46.1,0.8223
INV009528,2025-10-04,0.99,smb,1,1,1,0.8644,47.0,41.6,0.8413
INV009581,2025-07-05,20.96,enterprise,1,2,1,0.9576,86.0,89.0,0.8735
INV009580,2025-07-11,21.56,enterprise,2,2,1,0.9538,107.0,86.9,0.8723
INV009582,2025-07-11,80.5,enterprise,2,2,1,0.9036,97.0,89.6,0.8556
INV009583,2025-08-08,34.56,enterprise,2,2,1,0.9391,110.0,91.2,0.8676
INV009585,2025-08-10,60.61,enterprise,2,3,1,0.966,93.0,93.3,0.8761
INV009584,2025-08-16,30.94,enterprise,2,3,1,0.9216,108.0,93.7,0.8618
INV009586,2025-08-20,16.47,enterprise,2,2,1,0.7988,105.0,81.8,0.815
INV009588,2025-08-24,259.72,enterprise,1,2,1,0.9336,84.0,99.5,0.8658
INV009587,2025-08-26,36.42,enterprise,1,3,1,0.8534,69.0,87.4,0.8372
INV009590,2025-09-18,57.55,enterprise,1,3,1,0.8772,83.0,97.3,0.8461
INV009589,2025-09-28,74.53,enterprise,1,3,1,0.8928,79.0,88.6,0.8518
INV009593,2025-10-10,22.04,enterprise,1,2,1,0.9377,57.0,93.2,0.8671
INV009613,2025-08-15,4.47,smb,3,2,1,0.8631,94.0,42.8,0.8409
INV009615,2025-09-03,16.64,smb,2,2,1,0.8762,62.0,48.0,0.8457
INV009614,2025-09-14,1.41,smb,1,2,1,0.8124,32.0,44.4,0.8207
INV009643,2025-07-09,6.98,smb,1,2,1,0.7862,48.0,37.5,0.8095
INV009644,2025-08-08,2.4,smb,0,0,0,0.5247,33.0,33.9,0.6698
INV009645,2025-08-18,2.87,smb,2,0,1,0.6828,56.0,31.8,0.7604
INV009646,2025-08-24,4.6,smb,2,1,1,0.7981,57.0,36.2,0.8147
INV009647,2025-10-01,2.37,smb,0,1,0,0.6034,33.0,40.6,0.7171
INV009648,2025-10-20,15.32,smb,1,1,1,0.7119,42.0,40.2,0.775
INV009703,2025-07-27,20.53,enterprise,1,0,1,0.5318,63.0,67.2,0.6742
INV009707,2025-08-09,16.93,enterprise,1,1,1,0.6359,65.0,72.2,0.7354
INV009705,2025-08-20,12.84,enterprise,1,1,1,0.7003,84.0,67.7,0.7692
INV009706,2025-08-20,93.44,enterprise,1,2,1,0.703,62.0,78.3,0.7706
INV009704,2025-08-25,48.67,enterprise,1,2,1,0.7498,66.0,81.6,0.7931
INV009708,2025-09-19,57.87,enterprise,1,2,1,0.7914,72.0,80.2,0.8118
INV009709,2025-09-25,86.19,enterprise,1,2,1,0.7992,59.0,81.5,0.8151
INV009710,2025-09-27,41.03,enterprise,0,2,0,0.509,42.0,70.5,0.6599
INV009711,2025-10-10,78.01,enterprise,0,2,0,0.7054,56.0,78.0,0.7718
INV009744,2025-09-11,3.62,smb,1,0,1,0.4581,39.0,34.2,0.6269
INV009745,2025-09-25,2.96,smb,0,0,0,0.6728,12.0,32.1,0.7552
INV009746,2025-10-01,3.71,smb,0,0,0,0.6195,26.0,31.0,0.7262
INV009778,2025-07-09,13.48,smb,1,1,1,0.708,39.0,35.4,0.7731
INV009780,2025-10-07,5.33,smb,1,0,1,0.4652,36.0,34.5,0.6316
INV009779,2025-10-11,6.47,smb,1,0,1,0.4615,55.0,32.7,0.6292
INV009781,2025-11-24,1.47,smb,0,0,0,0.5198,25.0,34.8,0.6667
INV009806,2025-08-11,2.12,smb,0,1,0,0.8865,23.0,41.2,0.8495
INV009805,2025-08-20,4.14,smb,1,1,1,0.6756,54.0,39.2,0.7566
INV009808,2025-09-02,3.79,smb,2,1,1,0.7673,63.0,38.8,0.8012
INV009807,2025-09-16,27.37,smb,2,2,1,0.8269,68.0,41.5,0.8267
INV009811,2025-10-07,4.2,smb,0,2,0,0.7699,27.0,41.8,0.8023
INV009809,2025-10-17,2.13,smb,1,1,1,0.5663,53.0,40.2,0.6953
INV009810,2025-10-19,1.45,smb,1,1,1,0.7,39.0,39.9,0.7691
INV009877,2025-07-20,45.71,enterprise,3,3,1,0.8977,163.0,91.8,0.8535
INV009874,2025-07-20,68.91,enterprise,1,2,1,0.9452,89.0,94.0,0.8695
INV009876,2025-07-26,56.25,enterprise,2,2,1,0.8191,108.0,88.8,0.8235
INV009879,2025-08-03,115.62,enterprise,3,2,1,0.967,142.0,98.9,0.8764
INV009880,2025-08-10,85.45,enterprise,1,2,1,0.9558,79.0,94.6,0.8729
INV009881,2025-08-11,42.72,enterprise,2,2,1,0.9516,121.0,93.5,0.8716
INV009884,2025-09-08,9.06,enterprise,2,2,1,0.9131,111.0,87.7,0.8589
INV009883,2025-09-17,13.19,enterprise,1,2,1,0.953,64.0,90.2,0.872
INV009886,2025-09-26,29.51,enterprise,0,2,0,0.8984,61.0,85.5,0.8538
INV009919,2025-07-14,6.38,smb,2,1,1,0.7377,71.0,46.0,0.7875
INV009920,2025-07-27,30.24,smb,1,1,1,0.8547,57.0,45.1,0.8377
INV009921,2025-08-10,2.96,smb,1,1,1,0.792,42.0,46.5,0.8121
INV009922,2025-10-21,4.77,smb,1,2,1,0.6698,49.0,45.3,0.7536
INV009954,2025-08-03,4.09,smb,1,1,1,0.8034,54.0,45.8,0.8169
INV009953,2025-08-25,7.21,smb,1,2,1,0.9013,48.0,47.2,0.8548
INV009955,2025-09-12,5.29,smb,1,2,1,0.5234,64.0,47.4,0.669
INV009957,2025-10-03,1.33,smb,2,1,1,0.7762,69.0,39.3,0.8051
INV009956,2025-10-23,9.95,smb,1,2,1,0.8357,51.0,51.0,0.8302
INV009958,2025-10-27,4.2,smb,1,0,1,0.486,46.0,39.3,0.6452
INV009960,2025-12-01,6.53,smb,0,2,0,0.8455,15.0,45.7,0.8341
INV009979,2025-09-03,3.28,smb,0,2,0,0.7744,29.0,44.4,0.8043
INV009980,2025-09-08,3.69,smb,1,1,1,0.7293,49.0,39.6,0.7835
INV009981,2025-09-24,12.14,smb,1,2,1,0.7833,55.0,43.8,0.8083
INV009983,2025-10-05,2.05,smb,2,1,1,0.8105,62.0,39.2,0.8199
INV009982,2025-10-26,7.13,smb,0,1,0,0.756,28.0,39.7,0.796
INV009985,2025-11-13,4.57,smb,1,2,1,0.666,44.0,41.8,0.7516
INV010003,2025-07-22,5.01,smb,0,2,0,0.5176,21.0,35.5,0.6653
INV010004,2025-07-24,4.97,smb,1,0,1,0.5021,54.0,33.5,0.6555
INV010005,2025-07-25,4.62,smb,0,1,0,0.5321,22.0,33.0,0.6744
INV010007,2025-08-05,13.08,smb,1,1,1,0.7625,34.0,36.9,0.799
INV010006,2025-08-21,9.4,smb,1,0,1,0.5334,53.0,35.8,0.6752
INV010045,2025-07-02,11.9,mid_market,1,2,1,0.6307,46.0,52.0,0.7325
INV010044,2025-07-22,32.67,mid_market,1,2,1,0.6472,65.0,56.2,0.7415
INV010046,2025-08-08,13.02,mid_market,1,2,1,0.6154,64.0,51.8,0.7239
INV010047,2025-09-20,43.89,mid_market,0,2,0,0.6882,42.0,59.8,0.7631
INV010066,2025-07-16,5.09,smb,2,2,1,0.8254,67.0,41.4,0.8261
INV010067,2025-08-08,9.63,smb,1,2,1,0.82,61.0,49.8,0.8239
INV010070,2025-09-06,4.85,smb,1,2,1,0.6588,59.0,45.5,0.7478
INV010069,2025-09-09,6.25,smb,1,2,1,0.8163,31.0,44.8,0.8223
INV010068,2025-09-14,5.19,smb,1,2,1,0.6282,54.0,44.0,0.7311
INV010072,2025-10-20,7.64,smb,1,2,1,0.7243,35.0,45.7,0.7811
INV010071,2025-10-26,4.57,smb,1,1,1,0.8195,37.0,39.4,0.8237
INV010074,2025-11-26,2.4,smb,0,2,0,0.6599,27.0,43.5,0.7484
INV010073,2025-11-27,1.98,smb,0,1,0,0.6795,26.0,35.2,0.7587
INV010099,2025-07-02,5.29,smb,0,0,0,0.4347,28.0,33.6,0.6113
INV010100,2025-07-28,4.1,smb,0,0,0,0.4198,19.0,30.1,0.6013
INV010101,2025-08-08,21.92,smb,1,1,1,0.7595,55.0,31.8,0.7976
INV010102,2025-08-10,7.41,smb,0,0,0,0.5934,22.0,33.6,0.7113
INV010103,2025-10-27,13.43,smb,1,1,1,0.6402,32.0,30.2,0.7377
INV010104,2025-11-08,7.15,smb,0,0,0,0.6001,29.0,36.0,0.7152
INV010125,2025-07-23,3.56,smb,1,2,1,0.9019,31.0,48.0,0.855
INV010126,2025-08-16,6.23,smb,2,2,1,0.871,75.0,46.2,0.8438
INV010127,2025-09-26,6.55,smb,1,1,1,0.5401,54.0,43.9,0.6794
INV010177,2025-07-11,27.41,enterprise,2,2,1,0.7937,103.0,85.6,0.8128
INV010176,2025-07-22,31.24,enterprise,1,2,1,0.8749,85.0,92.4,0.8453
INV010181,2025-08-01,15.21,enterprise,1,2,1,0.8146,71.0,92.7,0.8216
INV010179,2025-08-12,45.67,enterprise,0,3,0,0.903,59.0,98.1,0.8554
INV010178,2025-08-14,37.49,enterprise,0,3,0,0.8905,53.0,94.0,0.8509
INV010180,2025-08-27,24.32,enterprise,0,2,0,0.8628,49.0,91.3,0.8407
INV010182,2025-09-02,28.47,enterprise,1,2,1,0.9257,74.0,92.5,0.8632
INV010183,2025-09-10,46.16,enterprise,2,3,1,0.8901,100.0,96.1,0.8508
INV010186,2025-09-18,116.05,enterprise,1,3,1,0.8837,81.0,93.9,0.8485
INV010185,2025-09-20,56.7,enterprise,1,3,1,0.8341,63.0,94.4,0.8296
INV010184,2025-09-21,64.6,enterprise,2,3,1,0.963,90.0,95.9,0.8751
INV010245,2025-07-11,50.17,enterprise,2,1,1,0.7792,116.0,80.2,0.8065
INV010246,2025-07-17,17.51,enterprise,2,2,1,0.8384,99.0,71.1,0.8313
INV010247,2025-07-20,25.4,enterprise,2,2,1,0.9437,114.0,87.3,0.869
INV010248,2025-08-13,116.48,enterprise,2,2,1,0.9024,97.0,92.4,0.8552
INV010251,2025-08-14,112.86,enterprise,1,2,1,0.9474,72.0,92.8,0.8702
INV010249,2025-08-17,37.33,enterprise,2,2,1,0.9244,95.0,93.3,0.8627
INV010250,2025-08-18,16.68,enterprise,1,2,1,0.9483,81.0,86.4,0.8705
INV010253,2025-08-18,49.71,enterprise,2,2,1,0.9525,120.0,95.9,0.8719
INV010252,2025-08-19,90.72,enterprise,3,2,1,0.9608,122.0,98.4,0.8744
INV010255,2025-09-08,20.32,enterprise,1,2,1,0.9398,70.0,94.5,0.8678
INV010254,2025-09-17,19.56,enterprise,1,2,1,0.9313,80.0,92.1,0.865
INV010260,2025-10-11,19.88,enterprise,1,2,1,0.9188,69.0,84.1,0.8608
INV010258,2025-10-14,90.12,enterprise,1,3,1,0.9586,64.0,100.8,0.8738
INV010259,2025-10-18,127.51,enterprise,1,3,1,0.9118,71.0,103.4,0.8584
INV010278,2025-08-09,10.97,smb,0,0,0,0.6298,17.0,35.8,0.7319
INV010279,2025-08-21,11.05,smb,3,0,1,0.5452,96.0,35.7,0.6825
INV010281,2025-10-05,6.8,smb,1,1,1,0.7183,43.0,34.8,0.7782
INV010280,2025-10-14,3.27,smb,1,0,1,0.459,60.0,32.6,0.6275
INV010326,2025-07-13,8.85,mid_market,2,0,1,0.6007,79.0,48.3,0.7155
INV010327,2025-07-24,18.54,mid_market,1,0,1,0.6431,50.0,50.3,0.7393
INV010328,2025-08-27,21.89,mid_market,1,0,1,0.6314,48.0,47.7,0.7329
INV010329,2025-09-25,21.01,mid_market,0,2,0,0.6072,43.0,52.6,0.7193
INV010331,2025-10-07,13.63,mid_market,0,0,0,0.5888,36.0,47.9,0.7086
INV010357,2025-07-09,6.6,smb,1,2,1,0.6728,45.0,37.2,0.7551
INV010358,2025-08-15,29.04,smb,1,2,1,0.7872,33.0,40.9,0.81
INV010362,2025-09-20,4.09,smb,0,2,0,0.6921,20.0,38.5,0.7651
INV010360,2025-09-21,25.35,smb,1,2,1,0.6295,36.0,38.9,0.7318
INV010359,2025-09-24,6.77,smb,1,3,1,0.7665,27.0,37.2,0.8008
INV010361,2025-09-25,8.46,smb,1,2,1,0.6017,50.0,41.0,0.7161
INV010363,2025-11-15,4.06,smb,0,0,0,0.4989,28.0,39.2,0.6535
INV010384,2025-07-03,10.17,smb,1,1,1,0.6117,44.0,33.4,0.7218
INV010383,2025-07-16,4.17,smb,0,0,0,0.4514,29.0,29.3,0.6224
INV010387,2025-09-04,15.06,smb,1,1,1,0.6846,32.0,32.7,0.7613
INV010386,2025-09-05,15.49,smb,1,0,1,0.4546,64.0,33.3,0.6246
INV010385,2025-09-06,4.8,smb,0,0,0,0.4915,15.0,31.8,0.6487
INV010389,2025-11-11,2.78,smb,1,0,1,0.4466,34.0,28.8,0.6193
INV010388,2025-11-12,5.99,smb,0,1,0,0.6485,15.0,34.7,0.7422
INV010421,2025-07-22,18.54,mid_market,1,2,1,0.7525,45.0,57.0,0.7944
INV010422,2025-08-05,8.5,mid_market,0,0,0,0.5627,47.0,53.4,0.6931
INV010428,2025-09-01,33.12,mid_market,0,2,0,0.7707,40.0,61.2,0.8027
INV010427,2025-09-02,13.71,mid_market,1,0,1,0.5601,55.0,51.6,0.6915
INV010424,2025-09-06,14.38,mid_market,1,2,1,0.6491,45.0,52.0,0.7425
INV010423,2025-09-10,63.44,mid_market,1,2,1,0.8012,59.0,61.5,0.816
INV010426,2025-09-25,23.41,mid_market,0,2,0,0.7005,33.0,55.7,0.7694
INV010425,2025-09-26,18.61,mid_market,1,0,1,0.5135,59.0,44.6,0.6628
INV010430,2025-10-09,5.15,mid_market,1,0,1,0.4993,48.0,44.1,0.6537
INV010429,2025-10-28,24.9,mid_market,1,0,1,0.5615,49.0,49.3,0.6924
INV010466,2025-07-13,35.09,mid_market,2,2,1,0.7346,86.0,58.5,0.786
INV010465,2025-07-19,24.21,mid_market,2,1,1,0.7042,92.0,54.4,0.7712
INV010463,2025-07-26,30.26,mid_market,1,1,1,0.7461,56.0,55.2,0.7914
INV010464,2025-07-28,3.84,mid_market,0,0,0,0.4189,32.0,44.9,0.6006
INV010467,2025-08-10,11.2,mid_market,2,0,1,0.4989,80.0,53.5,0.6535
INV010468,2025-08-22,39.23,mid_market,1,2,1,0.6927,52.0,58.6,0.7654
INV010470,2025-09-19,31.44,mid_market,1,1,1,0.7573,76.0,60.8,0.7966
INV010469,2025-09-24,4.28,mid_market,1,1,1,0.4589,53.0,54.0,0.6274
INV010471,2025-10-18,22.42,mid_market,0,1,0,0.7936,41.0,59.7,0.8127
INV010472,2025-11-01,7.99,mid_market,0,2,0,0.536,37.0,52.6,0.6769
INV010478,2025-12-01,2.7,mid_market,0,1,0,0.6392,18.0,45.6,0.7372
INV010514,2025-07-14,14.67,mid_market,1,0,1,0.5732,55.0,50.3,0.6994
INV010513,2025-07-23,7.61,mid_market,0,0,0,0.5139,37.0,47.5,0.663
INV010515,2025-09-10,8.31,mid_market,1,1,1,0.5828,54.0,53.3,0.7051
INV010516,2025-09-20,22.92,mid_market,1,0,1,0.6234,72.0,49.4,0.7284
INV010517,2025-09-24,3.71,mid_market,2,0,1,0.4438,89.0,44.4,0.6174
INV010518,2025-09-28,13.37,mid_market,2,0,1,0.3869,78.0,39.6,0.5787
INV010519,2025-10-06,15.19,mid_market,0,1,0,0.637,36.0,49.8,0.736
INV010549,2025-08-08,18.08,smb,0,1,0,0.7906,14.0,37.7,0.8114
INV010551,2025-09-03,1.35,smb,1,1,1,0.6414,26.0,31.8,0.7384
INV010553,2025-09-07,2.72,smb,0,0,0,0.4863,16.0,33.1,0.6454
INV010550,2025-09-20,12.46,smb,0,1,0,0.5698,30.0,37.4,0.6974
INV010552,2025-09-23,6.08,smb,0,1,0,0.7597,26.0,34.3,0.7977
INV010554,2025-12-01,2.75,smb,1,1,1,0.7034,27.0,34.6,0.7708
INV010614,2025-07-03,45.76,enterprise,2,3,1,0.9458,94.0,95.0,0.8697
INV010616,2025-07-18,24.22,enterprise,1,2,1,0.9423,72.0,93.7,0.8686
INV010615,2025-07-19,30.01,enterprise,2,2,1,0.9436,95.0,88.8,0.869
INV010613,2025-07-28,15.79,enterprise,2,2,1,0.8898,93.0,81.4,0.8507
INV010617,2025-08-10,41.88,enterprise,1,3,1,0.928,85.0,97.8,0.8639
INV010618,2025-08-16,55.79,enterprise,0,3,0,0.8534,59.0,88.6,0.8372
INV010623,2025-09-01,72.6,enterprise,1,2,1,0.9533,82.0,99.6,0.8721
INV010620,2025-09-07,45.8,enterprise,1,3,1,0.9461,81.0,98.1,0.8698
INV010622,2025-09-08,73.93,enterprise,1,3,1,0.9696,77.0,95.8,0.8772
INV010624,2025-09-12,28.49,enterprise,1,3,1,0.9169,89.0,93.1,0.8602
INV010619,2025-09-18,46.13,enterprise,1,3,1,0.8819,92.0,95.9,0.8478
INV010666,2025-07-21,7.72,mid_market,0,0,0,0.6965,37.0,50.7,0.7673
INV010667,2025-08-06,44.41,mid_market,0,2,0,0.6383,42.0,52.6,0.7367
INV010669,2025-09-05,40.2,mid_market,1,2,1,0.711,52.0,51.5,0.7746
INV010671,2025-09-07,12.15,mid_market,0,0,0,0.439,31.0,43.7,0.6142
INV010670,2025-09-16,35.06,mid_market,0,2,0,0.6191,42.0,51.6,0.726
INV010668,2025-09-21,17.56,mid_market,1,0,1,0.6327,61.0,45.5,0.7336
INV010672,2025-10-19,26.12,mid_market,1,0,1,0.7395,51.0,52.1,0.7883
INV010722,2025-08-01,43.1,enterprise,0,2,0,0.8573,44.0,90.1,0.8386
INV010723,2025-08-05,52.48,enterprise,2,3,1,0.9182,91.0,95.6,0.8606
INV010725,2025-10-15,28.88,enterprise,1,2,1,0.9416,73.0,97.1,0.8684
INV010753,2025-07-11,9.66,smb,0,0,0,0.4536,16.0,32.3,0.6239
INV010752,2025-07-16,12.75,smb,0,0,0,0.4519,31.0,31.9,0.6228
INV010754,2025-08-14,17.48,smb,1,1,1,0.6638,34.0,32.8,0.7504
INV010755,2025-09-21,4.44,smb,1,0,1,0.5854,54.0,34.2,0.7066
INV010756,2025-10-16,4.66,smb,1,1,1,0.7156,30.0,33.7,0.7768
INV010757,2025-10-16,2.22,smb,1,0,1,0.3979,47.0,29.0,0.5863
INV010783,2025-07-07,2.28,smb,0,1,0,0.6445,10.0,31.1,0.7401
INV010784,2025-07-07,30.13,smb,1,0,1,0.4989,36.0,34.3,0.6535
INV010785,2025-07-25,2.59,smb,1,0,1,0.51,44.0,29.6,0.6605
INV010786,2025-09-28,14.2,smb,1,1,1,0.6367,53.0,32.5,0.7358
INV010787,2025-10-01,26.26,smb,1,1,1,0.6527,54.0,38.2,0.7445
INV010825,2025-07-17,47.5,mid_market,2,2,1,0.7716,86.0,56.4,0.8031
INV010826,2025-08-09,39.53,mid_market,3,2,1,0.5678,109.0,56.0,0.6962
INV010828,2025-10-18,19.29,mid_market,1,2,1,0.6864,58.0,53.1,0.7622
INV010829,2025-11-10,19.77,mid_market,1,2,1,0.7715,46.0,56.9,0.8031
